Title,Difficulty,Level,Chart Constant,Score,Note Count,PM Rating,Play Rating,Play Potential
Syro,FTR,9,9.3,"10,001,112","1,150",-38,2,11.3
Harutopia ~Utopia of Spring~,FTR,8,8.5,"10,001,044","1,061",-17,2,10.5
Clotho and the stargazer,FTR,7+,7.8,"10,000,985","1,021",-36,2,9.8
Antithese,FTR,8+,8.8,"10,000,937",877,60,2,10.8
Lumia,FTR,8,8.4,"10,000,934",961,-27,2,10.4
A Wandering Melody of Love,FTR,9,9.6,"10,000,905",931,-26,2,11.6
La'qryma of the Wasteland,FTR,9,9.1,"10,000,894",956,-62,2,11.1
Lucifer,FTR,8,8.2,"10,000,824",861,-37,2,10.2
Infinity Heaven,FTR,7+,7.8,"10,000,823",853,-30,2,9.8
world.execute(me);,FTR,8,8,"10,000,817",851,-34,2,10
Jump,FTR,9,9,"10,000,811",841,-30,2,11
Suomi,FTR,7+,7.8,"10,000,807",818,-11,2,9.8
next to you,FTR,8+,8.8,"10,000,801",824,-23,2,10.8
Leave All Behind,FTR,9,9.2,"10,000,791",828,-37,2,11.2
Rise,FTR,7+,7.8,"10,000,763",788,-25,2,9.8
Fairytale,FTR,7,7,"10,000,758",782,-24,2,9
Lawless Point,FTR,9,9,"10,000,758",838,-80,2,11
Maze No.9,FTR,8+,8.9,"10,000,752",775,-23,2,10.9
Hidden Rainbows of Epicurus,FTR,7,7.5,"10,000,751",783,-32,2,9.5
FURETE-MITAI,FTR,8,8.4,"10,000,739",763,-24,2,10.4
Brand new world,FTR,7+,7.8,"10,000,738",787,-49,2,9.8
Vexaria,FTR,7,7,"10,000,711",734,-23,2,9
Paradise,FTR,7+,7.8,"10,000,687",729,-42,2,9.8
Diode,FTR,8,8.1,"10,000,683",709,-26,2,10.1
Dialnote,FTR,8+,8.8,"10,000,672",684,-12,2,10.8
Sayonara Hatsukoi,FTR,7,7,"10,000,654",666,-12,2,9
Blossoms,FTR,7,7,"10,000,635",655,-20,2,9
Chelsea,FTR,8+,8.9,"10,000,601",650,-49,2,10.9
inkar-usi,FTR,7+,7.8,"10,000,444",463,-19,2,9.8
Bookmaker (2D Version),FTR,8,8.3,"9,996,637","1,124",-,1.983185,10.283185
Dement ~after legend~,FTR,7+,7.8,"9,995,785",970,-,1.978925,9.778925
Flyburg and Endroll,FTR,9,9,"9,995,526",930,-,1.97763,10.97763
Vivid Theory,FTR,8+,8.8,"9,995,204",885,-,1.97602,10.77602
I've heard it said,FTR,8,8.1,"9,995,022",864,-,1.97511,10.07511
Iconoclast,FTR,9,9.1,"9,994,475",795,-,1.972375,11.072375
Vindication,FTR,9,9.6,"9,991,711","1,075",-,1.958555,11.558555
WAIT FOR DAWN,FTR,8+,8.7,"9,989,213",861,-,1.946065,10.646065
Last,FTR,9,9,"9,988,753",831,-,1.943765,10.943765
Altair (feat. *spiLa*),FTR,8,8.5,"9,988,745",830,-,1.943725,10.443725
Avant Raze,FTR,9,9.6,"9,987,758","1,125",-,1.93879,11.53879
"Tsuki ni Murakumo, Hana ni Kaze",FTR,8+,8.7,"9,987,192",740,-,1.93596,10.63596
Genesis (Iris),FTR,8,8.2,"9,986,654",713,-,1.93327,10.13327
Oblivia,FTR,8,8.3,"9,985,220",956,-,1.9261,10.2261
Moonheart,FTR,8,8.4,"9,985,068",947,-,1.92534,10.32534
One Last Drive,FTR,8,8.2,"9,983,872",885,-,1.91936,10.11936
Reinvent,FTR,8,8.5,"9,983,179",852,-,1.915895,10.415895
Sulfur,FTR,9+,9.7,"9,981,835","1,045",-,1.909175,11.609175
Paper Witch,FTR,8+,8.7,"9,981,794",793,-,1.90897,10.60897
Grimheart,FTR,8+,8.7,"9,980,041",959,-,1.900205,10.600205
Dandelion,FTR,8,8.5,"9,979,126",921,-,1.89563,10.39563
ReviXy,FTR,9,9.1,"9,977,127","1,047",-,1.885635,10.985635
Sakura Fubuki,FTR,9,9.4,"9,976,896",837,-,1.88448,11.28448
Lost Emotion feat. nomico,FTR,9,9.3,"9,974,311","1,123",-,1.871555,11.171555
Particle Arts,FTR,8+,8.8,"9,973,858",925,-,1.86929,10.66929
Xanatos,FTR,10,10,"9,972,761","1,232",-,1.863805,11.863805
Essence of Twilight,FTR,9,9.1,"9,972,064","1,204",-,1.86032,10.96032
Ävril -Flicka i krans-,FTR,8,8.3,"9,971,425",851,-,1.857125,10.157125
Equilibrium,FTR,9,9.4,"9,969,292",951,-,1.84646,11.24646
Crystal Gravity,FTR,9,9.4,"9,966,410",872,-,1.83205,11.23205
Dreamin' Attraction!!,FTR,9,9.4,"9,965,616","1,129",-,1.82808,11.22808
GOODTEK (Arcaea Edit),FTR,9,9.3,"9,964,713",968,-,1.823565,11.123565
Senkyou,FTR,8+,8.7,"9,964,538",964,-,1.82269,10.52269
Ignotus,FTR,9,9.3,"9,964,338","1,225",-,1.82169,11.12169
Silent Rush,FTR,8,8.6,"9,963,699",941,-,1.818495,10.418495
Corruption,FTR,9+,9.8,"9,962,561","1,293",-,1.812805,11.612805
Rabbit In The Black Room,FTR,8,8.4,"9,961,829",772,-,1.809145,10.209145
qualia -ideaesthesia-,FTR,9,9.1,"9,961,775","1,022",-,1.808875,10.908875
Technicolour,FTR,9+,9.8,"9,961,606","1,140",-,1.80803,11.60803
SUPERNOVA,FTR,9+,9.7,"9,960,924","1,123",-,1.80462,11.50462
Fracture Ray,PRS,9,9.5,"9,960,310","1,343",-,1.80155,11.30155
Anökumene,FTR,9,9.2,"9,959,613",851,-,1.798065,10.998065
Shades of Light in a Transcendent Realm,FTR,8,8.3,"9,956,964","1,067",-,1.78482,10.08482
FREEF4LL,FTR,8,8.6,"9,956,936","1,023",-,1.78468,10.38468
blue comet,FTR,8,8.2,"9,955,624",776,-,1.77812,9.97812
Solitary Dream,FTR,8+,8.8,"9,954,595",972,-,1.772975,10.572975
Flashback,FTR,8+,8.9,"9,954,056",856,-,1.77028,10.67028
Romance Wars,FTR,7+,7.8,"9,953,801",641,-,1.769005,9.569005
Babaroque,FTR,8,8.5,"9,951,219",808,-,1.756095,10.256095
VECTOЯ,FTR,9,9.4,"9,951,170","1,299",-,1.75585,11.15585
Purgatorium,FTR,8,8.4,"9,950,024",983,-,1.75012,10.15012
LunarOrbit -believe in the Espebranch road-,FTR,9,9.6,"9,948,974","1,058",-,1.74487,11.34487
Red and Blue,FTR,9,9.4,"9,947,533",845,-,1.737665,11.137665
Heavensdoor,FTR,9+,9.9,"9,946,485","1,101",-,1.732425,11.632425
NULCTRL,FTR,9,9.5,"9,944,728",715,-,1.72364,11.22364
Lost Desire,FTR,9+,9.8,"9,944,727","1,154",-,1.723635,11.523635
FANTA5Y,FTR,9,9.4,"9,943,853",965,-,1.719265,11.119265
san skia,FTR,8,8.3,"9,943,608","1,046",-,1.71804,10.01804
World Fragments III (radio edit),FTR,9+,9.8,"9,943,605","1,387",-,1.718025,11.518025
Give Me a Nightmare,FTR,8+,8.9,"9,942,884",948,-,1.71442,10.61442
Singularity,FTR,10,10.5,"9,942,155","1,105",-,1.710775,12.210775
Relentless,FTR,8,8,"9,941,843","1,015",-,1.709215,9.709215
Chronostasis,FTR,8+,8.9,"9,940,792",916,-,1.70396,10.60396
Lethaeus,FTR,9+,9.7,"9,939,708",900,-,1.69854,11.39854
Illegal Paradise,FTR,9,9.5,"9,939,692","1,061",-,1.69846,11.19846
qualia -ideaesthesia-,BYD,9+,9.8,"9,939,115","1,288",-,1.695575,11.495575
felys final remix,FTR,9,9.5,"9,939,045","1,130",-,1.695225,11.195225
Auxesia,FTR,9,9.3,"9,935,838","1,000",-,1.67919,10.97919
Kanagawa Cyber Culvert,FTR,9,9,"9,933,525","1,111",-,1.667625,10.667625
DDD,FTR,8,8.5,"9,931,692",653,-,1.65846,10.15846
Masquerade Legion,FTR,10,10,"9,930,480","1,064",-,1.6524,11.6524
Rugie,FTR,9,9.2,"9,929,135",975,-,1.645675,10.845675
Crimson Quartz,ETR,9+,9.8,"9,926,104","1,200",-,1.63052,11.43052
Blaster,FTR,9,9.3,"9,926,066","1,002",-,1.63033,10.93033
1F√,FTR,8,8.2,"9,921,494",758,-,1.60747,9.80747
trappola bewitching,FTR,9+,9.9,"9,919,520","1,044",-,1.5976,11.4976
Snow White,FTR,8,8.4,"9,919,075",978,-,1.595375,9.995375
Black Territory,FTR,9+,9.8,"9,913,277","1,195",-,1.566385,11.366385
cry of viyella,FTR,8+,8.7,"9,912,224",791,-,1.56112,10.26112
MANTIS (Arcaea Ultra-Bloodrush VIP),FTR,9,9.4,"9,912,145","1,014",-,1.560725,10.960725
Vicious Heroism,FTR,10,10,"9,909,729","1,150",-,1.548645,11.548645
BLRINK,FTR,9+,9.7,"9,907,288","1,015",-,1.53644,11.23644
Sheriruth,FTR,10,10,"9,905,465","1,151",-,1.527325,11.527325
GIMMICK,FTR,9,9.5,"9,905,155",733,-,1.525775,11.025775
Glow,FTR,9,9.3,"9,902,577",916,-,1.512885,10.812885
Party Vinyl,FTR,9,9.4,"9,900,686",800,-,1.50343,10.90343
Cybernecia Catharsis,FTR,9,9.5,"9,900,392",946,-,1.50196,11.00196
Libertas,FTR,9,9.2,"9,895,276",947,-,1.47638,10.67638
Cyaegha,FTR,10+,10.7,"9,895,272","1,368",-,1.47636,12.17636
Logos,FTR,10,10.2,"9,895,171","1,040",-,1.475855,11.675855
The Message,FTR,9+,9.7,"9,895,058",992,-,1.47529,11.17529
Memory Forest,FTR,9+,9.8,"9,893,511",978,-,1.467555,11.267555
ultradiaxon-N3,FTR,10,10.3,"9,891,210","1,228",-,1.45605,11.75605
Tempestissimo,PRS,9,9.5,"9,889,717","1,034",-,1.448585,10.948585
Shades of Light in a Transcendent Realm,BYD,9,9.1,"9,881,023","1,042",-,1.405115,10.505115
Climax,FTR,10,10.4,"9,876,842","1,367",-,1.38421,11.78421
Strongholds,FTR,9,9.2,"9,876,125",922,-,1.380625,10.580625
Metallic Punisher,FTR,10,10.3,"9,875,921","1,238",-,1.379605,11.679605
Monochrome Princess,FTR,9+,9.7,"9,872,476",974,-,1.36238,11.06238
Dynitikós,FTR,9,9.5,"9,869,052",986,-,1.34526,10.84526
Lost Civilization,FTR,9,9.2,"9,869,017",986,-,1.345085,10.545085
To the Milky Way,FTR,10,10.4,"9,868,321","1,392",-,1.341605,11.741605
Ashen 6oundary,FTR,9+,9.9,"9,865,830","1,183",-,1.32915,11.22915
Malicious Mischance,FTR,10,10.2,"9,863,309","1,126",-,1.316545,11.516545
Nirv lucE,FTR,10,10.2,"9,863,085",980,-,1.315425,11.515425
Einherjar Joker,FTR,9+,9.8,"9,862,918","1,159",-,1.31459,11.11459
"Infinite Strife,",FTR,9+,9.9,"9,862,392","1,511",-,1.31196,11.21196
Infinity Heaven,BYD,9,9.6,"9,858,872",986,-,1.29436,10.89436
Trap Crow,FTR,9+,9.9,"9,856,669","1,074",-,1.283345,11.183345
Ether Strike,FTR,10,10.3,"9,855,717","1,170",-,1.278585,11.578585
Last Celebration,FTR,10,10.4,"9,852,168","1,475",-,1.26084,11.66084
Purple Verse,FTR,9,9.6,"9,849,391","1,023",-,1.246955,10.846955
Dancin' on a Cat's Paw,FTR,9,9.2,"9,849,200",891,-,1.246,10.446
Vexaria,BYD,9,9,"9,847,818",785,-,1.23909,10.23909
Nhelv,FTR,9+,9.9,"9,847,547","1,108",-,1.237735,11.137735
Innocence,ETR,9+,9.7,"9,845,464","1,157",-,1.22732,10.92732
HIVEMIND,FTR,10,10,"9,845,355","1,252",-,1.226775,11.226775
Last | Moment,BYD,9,9.6,"9,843,085",888,-,1.215425,10.815425
Nameless Passion,FTR,9+,9.8,"9,841,631","1,223",-,1.208155,11.008155
Redraw the Colorless World,FTR,9,9.4,"9,837,111",886,-,1.185555,10.585555
SAIKYO STRONGER,PRS,9,9.4,"9,836,933","1,067",-,1.184665,10.584665
Raven's Pride,FTR,9,9.4,"9,835,845","1,030",-,1.179225,10.579225
SOUNDWiTCH,FTR,9+,9.8,"9,835,037",785,-,1.175185,10.975185
Purgatorium,BYD,9,9.6,"9,829,618","1,051",-,1.14809,10.74809
Dement ~after legend~,BYD,9+,9.9,"9,827,440","1,040",-,1.1372,11.0372
Far Away Light,FTR,9+,9.8,"9,827,184","1,322",-,1.13592,10.93592
Löschen,FTR,10,10.2,"9,822,948","1,235",-,1.11474,11.31474
Axium Crisis,FTR,10,10.6,"9,822,704","1,094",-,1.11352,11.71352
Alone & Lorn,FTR,9,9.6,"9,820,433",970,-,1.102165,10.702165
Kanjou no Matenrou ~Arr.Demetori,FTR,9+,9.8,"9,819,552","1,294",-,1.09776,10.89776
Gekka (Short Version),FTR,8,8.6,"9,817,127",817,-,1.085635,9.685635
Turbocharger,FTR,9,9,"9,817,013",979,-,1.085065,10.085065
Lumia,BYD,9,9.5,"9,816,445",814,-,1.082225,10.582225
enchanted love,FTR,8,8.6,"9,816,196",759,-,1.08098,9.68098
Seclusion,FTR,10,10.6,"9,811,082","1,132",-,1.05541,11.65541
Arcahv,FTR,9+,9.9,"9,808,480","1,065",-,1.0424,10.9424
Loveless Dress,FTR,9+,9.7,"9,806,614",850,-,1.03307,10.73307
Hybris (The one who shattered),FTR,9+,9.8,"9,804,318","1,196",-,1.02159,10.82159
Defection,FTR,9+,9.8,"9,799,358","1,141",-,0.99786,10.79786
GOODTEK (Arcaea Edit),BYD,9+,9.8,"9,796,929","1,103",-,0.9897633333,10.78976333
Pentiment,FTR,10,10.4,"9,796,657","1,345",-,0.9888566667,11.38885667
KYOREN ROMANCE,FTR,10+,10.7,"9,794,014","1,519",-,0.9800466667,11.68004667
CROSS†SOUL,FTR,9,9.4,"9,790,755","1,081",-,0.9691833333,10.36918333
Transient Space,FTR,9,9.5,"9,789,490",805,-,0.9649666667,10.46496667
Dual Doom Deathmatch,ETR,10,10.3,"9,788,272","1,292",-,0.9609066667,11.26090667
Bookmaker (2D Version),BYD,10,10,"9,787,440","1,287",-,0.9581333333,10.95813333
Fairytale,BYD,9,9.5,"9,786,187",932,-,0.9539566667,10.45395667
Ascent,FTR,9+,9.8,"9,776,079","1,023",-,0.9202633333,10.72026333
Callima Karma,FTR,9+,9.8,"9,776,017","1,222",-,0.9200566667,10.72005667
Fracture Ray,FTR,11,11.1,"9,774,364","1,279",-,0.9145466667,12.01454667
Ringed Genesis,FTR,10+,10.8,"9,774,043","1,146",-,0.9134766667,11.71347667
Ultimate taste,FTR,9+,9.9,"9,773,521","1,405",-,0.9117366667,10.81173667
"Good bye, Merry-Go-Round.",FTR,10,10.6,"9,770,332","1,084",-,0.9011066667,11.50110667
GLORY: ROAD,FTR,10,10.5,"9,768,008","1,479",-,0.89336,11.39336
Capella,FTR,10,10.2,"9,759,435","1,159",-,0.8647833333,11.06478333
Live Fast Die Young,FTR,10,10.6,"9,757,349","1,292",-,0.85783,11.45783
Antagonism,FTR,9+,9.9,"9,751,390","1,142",-,0.8379666667,10.73796667
Rise of the World,FTR,10,10.5,"9,750,146","1,176",-,0.83382,11.33382
The Formula,FTR,9,9.3,"9,749,916",957,-,0.8330533333,10.13305333
Kanagawa Cyber Culvert,BYD,9+,9.8,"9,742,286","1,121",-,0.80762,10.60762
Ikazuchi,FTR,10,10.3,"9,741,312","1,347",-,0.8043733333,11.10437333
Misdeed -la bonté de Dieu et l'origine du mal-,FTR,10+,10.9,"9,738,502","1,522",-,0.7950066667,11.69500667
NEO WINGS,FTR,10,10.2,"9,737,517","1,328",-,0.7917233333,10.99172333
G e n g a o z o,FTR,10,10.1,"9,723,925","1,353",-,0.7464166667,10.84641667
PRAGMATISM,FTR,10,10.1,"9,719,468",942,-,0.73156,10.83156
NULL APOPHENIA,FTR,10+,10.7,"9,716,305","1,299",-,0.7210166667,11.42101667
Let's Rock (Arcaea mix),FTR,9+,9.7,"9,712,130","1,177",-,0.7071,10.4071
Halcyon,FTR,10,10.5,"9,711,690","1,227",-,0.7056333333,11.20563333
IZANA,FTR,10,10.3,"9,708,828",976,-,0.6960933333,10.99609333
Ignotus Afterburn,BYD,9+,9.9,"9,708,458","1,077",-,0.69486,10.59486
GIMME DA BLOOD,FTR,10,10.5,"9,708,184","1,093",-,0.6939466667,11.19394667
conflict,FTR,10,10.2,"9,707,306","1,056",-,0.69102,10.89102
Arcana Eden,FTR,10,10.5,"9,705,743","1,792",-,0.68581,11.18581
On And On!! feat. Jenga,FTR,9,9.5,"9,701,695",836,-,0.6723166667,10.17231667
Remind the Souls (Short Version),FTR,9,9.6,"9,699,221",945,-,0.66407,10.26407
Grievous Lady,FTR,11,11.1,"9,694,361","1,450",-,0.64787,11.74787
THE ULTIMACY,FTR,9+,9.8,"9,686,678","1,304",-,0.62226,10.42226
inkar-usi,BYD,9,9.4,"9,674,036",857,-,0.58012,9.98012
Heavensdoor,BYD,10+,10.8,"9,652,517","1,534",-,0.50839,11.30839
Moonheart,BYD,9+,9.7,"9,649,794","1,139",-,0.4993133333,10.19931333
Ai Drew,FTR,9+,9.8,"9,649,127","1,066",-,0.49709,10.29709
Chronicle,FTR,10,10.5,"9,645,058","1,264",-,0.4835266667,10.98352667
World Ender,FTR,10,10,"9,641,819","1,225",-,0.47273,10.47273
Astra walkthrough,FTR,9+,9.9,"9,640,018","1,191",-,0.4667266667,10.36672667
False Embellishment,FTR,9,9.3,"9,639,608",969,-,0.46536,9.76536
ENERGY SYNERGY MATRIX,FTR,9,9.6,"9,637,445",922,-,0.45815,10.05815
REKKA RESONANCE,FTR,10+,10.7,"9,629,710","1,212",-,0.4323666667,11.13236667
#1f1e33,FTR,11,11.1,"9,626,954","1,576",-,0.42318,11.52318
UNKNOWN LEVELS,FTR,10,10.6,"9,617,979","1,149",-,0.3932633333,10.99326333
memoryfactory.lzh,FTR,8+,8.9,"9,613,624",672,-,0.3787466667,9.278746667
Last | Eternity,BYD,9+,9.7,"9,582,954",790,-,0.2765133333,9.976513333
FREEF4LL,BYD,9+,9.8,"9,566,853","1,336",-,0.2228433333,10.02284333
Oblivia,BYD,9+,9.7,"9,564,990","1,021",-,0.2166333333,9.916633333
FLUFFY FLASH,FTR,9+,9.8,"9,560,934","1,329",-,0.2031133333,10.00311333
Vandalism,FTR,9+,9.7,"9,540,928","1,087",-,0.1364266667,9.836426667
Amekagura,FTR,9+,9.9,"9,540,871","1,076",-,0.1362366667,10.03623667
Antithese,BYD,9,9.6,"9,525,571",968,-,0.08523666667,9.685236667
Abstruse Dilemma,FTR,11,11.3,"9,510,346","1,467",-,0.03448666667,11.33448667
Felis,FTR,10,10.4,"9,497,587","1,153",-,-0.008043333333,10.39195667
Cybernecia Catharsis,BYD,9+,9.8,"9,491,148",991,-,-0.02950666667,9.770493333
Heart,FTR,9,9.6,"9,490,390",872,-,-0.03203333333,9.567966667
trappola bewitching,BYD,10,10.6,"9,471,404","1,086",-,-0.09532,10.50468
Red and Blue and Green,BYD,10,10.2,"9,460,882","1,194",-,-0.1303933333,10.06960667
corps-sans-organes,FTR,10,10.6,"9,439,073","1,077",-,-0.20309,10.39691
Party Vinyl,BYD,10,10.3,"9,429,952",946,-,-0.2334933333,10.06650667
LAMIA,FTR,11,11,"9,427,111","1,385",-,-0.2429633333,10.75703667
Dantalion,FTR,10+,10.8,"9,421,815","1,478",-,-0.2606166667,10.53938333
RGB,FTR,9+,9.8,"9,412,940","1,131",-,-0.2902,9.5098
Aegleseeker,FTR,11,11.2,"9,411,285","1,568",-,-0.2957166667,10.90428333
SAIKYO STRONGER,FTR,11,11,"9,397,737","1,384",-,-0.3408766667,10.65912333
Aleph-0,FTR,10,10.5,"9,396,752",919,-,-0.34416,10.15584
Tempestissimo,FTR,10+,10.7,"9,390,880","1,254",-,-0.3637333333,10.33626667
Lost Civilization,BYD,9+,9.8,"9,284,534","1,061",-,-0.71822,9.08178
PRAGMATISM -RESURRECTION-,BYD,11,11.2,"9,262,111","1,502",-,-0.7929633333,10.40703667
World Ender,BYD,11,11.1,"9,155,366","1,661",-,-1.14878,9.95122
Testify,FTR,10+,10.9,"9,120,840","1,766",-,-1.263866667,9.636133333
TeraVolt,FTR,10+,10.8,"9,117,777","1,008",-,-1.274076667,9.525923333
Bamboo,FTR,10,10,"9,105,479","1,050",-,-1.31507,8.68493
"Infinite Strife,",BYD,10+,10.9,"8,987,645","1,633",-,-1.70785,9.19215
Testify,BYD,12,12,"8,704,799","2,221",-,-2.65067,9.34933
Tempestissimo,BYD,11,11.7,"8,676,321","1,540",-,-2.745596667,8.954403333
Arcana Eden,BYD,11,11.6,"3,325,387","2,134",-,-20.58204333,0
Pentiment,BYD,11,11.5,"1,665,943","1,741",-,-26.11352333,0
[X],FTR,10,10.6,0,"1,190",-,-,0
[X],PRS,7+,7.8,0,782,-,-,0
[X],PST,4,4.5,0,594,-,-,0
#1f1e33,PRS,9,9.2,0,"1,144",-,-,0
#1f1e33,PST,5,5.5,0,765,-,-,0
~_+,FTR,9+,9.9,0,"1,201",-,-,0
~_+,PRS,8,8,0,994,-,-,0
~_+,PST,4,4.5,0,869,-,-,0
〇、,FTR,9,9.5,0,708,-,-,0
〇、,PRS,6,6.5,0,519,-,-,0
〇、,PST,2,2.5,0,368,-,-,0
10pt8ion,ETR,10,10.5,0,"1,087",-,-,0
10pt8ion,FTR,9+,9.8,0,906,-,-,0
10pt8ion,PRS,7+,7.8,0,704,-,-,0
10pt8ion,PST,4,4,0,475,-,-,0
1F√,PRS,6,6.5,0,539,-,-,0
1F√,PST,2,2.5,0,411,-,-,0
7thSense,FTR,9+,9.9,0,925,-,-,0
7thSense,PRS,7+,7.8,0,739,-,-,0
7thSense,PST,3,3,0,360,-,-,0
8-EM,ETR,10,10.3,0,"1,201",-,-,0
8-EM,FTR,9,9.5,0,"1,081",-,-,0
8-EM,PRS,7+,7.8,0,847,-,-,0
8-EM,PST,4,4.5,0,557,-,-,0
99 Glooms,FTR,10,10.3,0,"1,294",-,-,0
99 Glooms,PRS,7+,7.8,0,774,-,-,0
99 Glooms,PST,4,4,0,637,-,-,0
A Wandering Melody of Love,PRS,7,7.5,0,670,-,-,0
A Wandering Melody of Love,PST,3,3.5,0,422,-,-,0
Abstruse Dilemma,PRS,8+,8.9,0,"1,127",-,-,0
Abstruse Dilemma,PST,5,5.5,0,983,-,-,0
Acheron,FTR,9+,9.7,0,"1,024",-,-,0
Acheron,PRS,7,7.5,0,688,-,-,0
Acheron,PST,3,3.5,0,538,-,-,0
Aegleseeker,PRS,9,9.1,0,"1,235",-,-,0
Aegleseeker,PST,5,5.5,0,973,-,-,0
Aether Crest: Astral,ETR,11,11.5,0,"1,941",-,-,0
Aether Crest: Astral,FTR,10,10.6,0,"1,508",-,-,0
Aether Crest: Astral,PRS,8+,8.9,0,"1,147",-,-,0
Aether Crest: Astral,PST,6,6,0,921,-,-,0
Ai Drew,PRS,6,6.5,0,732,-,-,0
Ai Drew,PST,3,3.5,0,694,-,-,0
AI[UE]OON,FTR,9,9.4,0,989,-,-,0
AI[UE]OON,PRS,6,6.5,0,623,-,-,0
AI[UE]OON,PST,3,3.5,0,436,-,-,0
Aleph-0,PRS,8+,8.8,0,579,-,-,0
Aleph-0,PST,5,5.5,0,388,-,-,0
Alexandrite,FTR,10,10,0,"1,040",-,-,0
Alexandrite,PRS,7,7.5,0,699,-,-,0
Alexandrite,PST,4,4.5,0,507,-,-,0
Alice à la mode,FTR,9,9.2,0,872,-,-,0
Alice à la mode,PRS,6,6.5,0,618,-,-,0
Alice à la mode,PST,2,2.5,0,436,-,-,0
Alice's Suitcase,FTR,9,9.1,0,999,-,-,0
Alice's Suitcase,PRS,6,6,0,660,-,-,0
Alice's Suitcase,PST,3,3.5,0,644,-,-,0
Alone & Lorn,PRS,6,6.5,0,742,-,-,0
Alone & Lorn,PST,3,3,0,643,-,-,0
Altair (feat. *spiLa*),PRS,6,6,0,828,-,-,0
Altair (feat. *spiLa*),PST,2,2.5,0,670,-,-,0
Altale,BYD,10,10,0,"1,074",-,-,0
Altale,FTR,9+,9.8,0,690,-,-,0
Altale,PRS,5,5.5,0,422,-,-,0
Altale,PST,2,2.5,0,375,-,-,0
ALTER EGO,ETR,11,11.3,0,"1,644",-,-,0
ALTER EGO,FTR,10,10.5,0,"1,466",-,-,0
ALTER EGO,PRS,9,9.2,0,"1,213",-,-,0
ALTER EGO,PST,6,6.5,0,865,-,-,0
AlterAle,FTR,9+,9.7,0,"1,277",-,-,0
AlterAle,PRS,6,6,0,881,-,-,0
AlterAle,PST,3,3,0,728,-,-,0
AlterGate,FTR,10+,10.7,0,"1,324",-,-,0
AlterGate,PRS,8+,8.7,0,993,-,-,0
AlterGate,PST,5,5.5,0,774,-,-,0
AMAZING MIGHTYYYY!!!!,FTR,10+,10.7,0,"1,249",-,-,0
AMAZING MIGHTYYYY!!!!,PRS,7+,7.8,0,776,-,-,0
AMAZING MIGHTYYYY!!!!,PST,4,4.5,0,624,-,-,0
Amekagura,PRS,7,7.5,0,851,-,-,0
Amekagura,PST,4,4,0,741,-,-,0
amygdata,FTR,9+,9.7,0,"1,199",-,-,0
amygdata,PRS,7,7.5,0,711,-,-,0
amygdata,PST,4,4,0,504,-,-,0
And Revive The Melody,FTR,10+,10.9,0,"1,710",-,-,0
And Revive The Melody,PRS,8,8.5,0,"1,269",-,-,0
And Revive The Melody,PST,5,5.5,0,962,-,-,0
ANDORXOR,ETR,10+,10.8,0,"1,404",-,-,0
ANDORXOR,FTR,9+,9.9,0,"1,055",-,-,0
ANDORXOR,PRS,7+,7.8,0,758,-,-,0
ANDORXOR,PST,4,4.5,0,559,-,-,0
Angel's Boundary,FTR,10,10.2,0,"1,246",-,-,0
Angel's Boundary,PRS,8,8.5,0,"1,013",-,-,0
Angel's Boundary,PST,5,5,0,841,-,-,0
Anökumene,BYD,9+,9.9,0,971,-,-,0
Anökumene,PRS,6,6.5,0,587,-,-,0
Anökumene,PST,2,2.5,0,412,-,-,0
Antagonism,PRS,7+,7.8,0,738,-,-,0
Antagonism,PST,4,4.5,0,431,-,-,0
Antithese,PRS,5,5,0,826,-,-,0
Antithese,PST,2,2,0,845,-,-,0
April showers,FTR,8,8.6,0,697,-,-,0
April showers,PRS,5,5.5,0,544,-,-,0
April showers,PST,2,2,0,363,-,-,0
Arcahv,PRS,7+,7.8,0,884,-,-,0
Arcahv,PST,4,4.5,0,818,-,-,0
Arcana Eden,PRS,8+,8.7,0,"1,310",-,-,0
Arcana Eden,PST,5,5.5,0,"1,097",-,-,0
Arghena,FTR,11,11.3,0,"1,444",-,-,0
Arghena,PRS,9,9.6,0,"1,082",-,-,0
Arghena,PST,7,7.5,0,883,-,-,0
Ascent,PRS,6,6,0,625,-,-,0
Ascent,PST,3,3,0,455,-,-,0
Ashen 6oundary,PRS,7+,7.8,0,813,-,-,0
Ashen 6oundary,PST,4,4.5,0,702,-,-,0
Astra walkthrough,PRS,7+,7.8,0,886,-,-,0
Astra walkthrough,PST,4,4.5,0,769,-,-,0
Astral Quantization,FTR,10,10.6,0,"1,388",-,-,0
Astral Quantization,PRS,8,8.1,0,943,-,-,0
Astral Quantization,PST,5,5,0,782,-,-,0
Astral tale,FTR,9,9.6,0,884,-,-,0
Astral tale,PRS,7,7,0,642,-,-,0
Astral tale,PST,4,4.5,0,445,-,-,0
astral.exe,FTR,9,9.5,0,"1,059",-,-,0
astral.exe,PRS,6,6,0,734,-,-,0
astral.exe,PST,3,3,0,654,-,-,0
AttraqtiA,FTR,10,10.6,0,"1,433",-,-,0
AttraqtiA,PRS,8,8.3,0,"1,002",-,-,0
AttraqtiA,PST,4,4,0,732,-,-,0
Aurgelmir,FTR,10,10.5,0,"1,100",-,-,0
Aurgelmir,PRS,8,8.5,0,765,-,-,0
Aurgelmir,PST,4,4.5,0,540,-,-,0
Auxesia,PRS,6,6.5,0,648,-,-,0
Auxesia,PST,3,3.5,0,385,-,-,0
Avant Raze,PRS,6,6.5,0,727,-,-,0
Avant Raze,PST,3,3.5,0,580,-,-,0
Ävril -Flicka i krans-,PRS,6,6,0,607,-,-,0
Ävril -Flicka i krans-,PST,3,3,0,459,-,-,0
Awaken In Ruins,FTR,9+,9.7,0,754,-,-,0
Awaken In Ruins,PRS,7,7.5,0,570,-,-,0
Awaken In Ruins,PST,3,3.5,0,412,-,-,0
Axium Crisis,PRS,8,8.5,0,"1,065",-,-,0
Axium Crisis,PST,5,5.5,0,685,-,-,0
B.B.K.K.B.K.K.,FTR,9+,9.7,0,976,-,-,0
B.B.K.K.B.K.K.,PRS,7,7,0,708,-,-,0
B.B.K.K.B.K.K.,PST,4,4.5,0,669,-,-,0
Babaroque,PRS,6,6.5,0,645,-,-,0
Babaroque,PST,3,3,0,402,-,-,0
Back to Basics,FTR,10,10.6,0,"1,544",-,-,0
Back to Basics,PRS,8+,8.7,0,"1,115",-,-,0
Back to Basics,PST,5,5,0,717,-,-,0
BADTEK,FTR,9+,9.7,0,916,-,-,0
BADTEK,PRS,7,7,0,595,-,-,0
BADTEK,PST,4,4,0,532,-,-,0
Bamboo,PRS,6,6.5,0,631,-,-,0
Bamboo,PST,3,3,0,499,-,-,0
BATTLE NO.1,FTR,9+,9.7,0,"1,042",-,-,0
BATTLE NO.1,PRS,6,6.5,0,677,-,-,0
BATTLE NO.1,PST,3,3.5,0,476,-,-,0
Be There,FTR,9,9.4,0,982,-,-,0
Be There,PRS,7,7.5,0,792,-,-,0
Be There,PST,4,4,0,592,-,-,0
Beautiful Dreamer,FTR,9+,9.9,0,"1,139",-,-,0
Beautiful Dreamer,PRS,7+,7.8,0,773,-,-,0
Beautiful Dreamer,PST,4,4,0,611,-,-,0
Beside You,FTR,8+,8.7,0,703,-,-,0
Beside You,PRS,6,6,0,634,-,-,0
Beside You,PST,2,2.5,0,526,-,-,0
Black Lotus,FTR,9+,9.7,0,965,-,-,0
Black Lotus,PRS,6,6.5,0,687,-,-,0
Black Lotus,PST,3,3,0,653,-,-,0
Black MInD,FTR,10+,10.8,0,"1,274",-,-,0
Black MInD,PRS,8,8,0,754,-,-,0
Black MInD,PST,5,5,0,601,-,-,0
Black Mirror on the Wall,ETR,9+,9.7,0,894,-,-,0
Black Mirror on the Wall,FTR,8,8.6,0,735,-,-,0
Black Mirror on the Wall,PRS,6,6.5,0,613,-,-,0
Black Mirror on the Wall,PST,3,3.5,0,471,-,-,0
Black Territory,PRS,7,7.5,0,785,-,-,0
Black Territory,PST,3,3,0,627,-,-,0
Blaster,PRS,7,7,0,635,-,-,0
Blaster,PST,4,4,0,571,-,-,0
BlazinG AIR,ETR,10,10.1,0,"1,129",-,-,0
BlazinG AIR,FTR,8+,8.9,0,757,-,-,0
BlazinG AIR,PRS,6,6.5,0,571,-,-,0
BlazinG AIR,PST,3,3.5,0,433,-,-,0
Blocked Library,FTR,9,9.3,0,850,-,-,0
Blocked Library,PRS,6,6.5,0,622,-,-,0
Blocked Library,PST,3,3.5,0,449,-,-,0
Blossoms,PRS,4,4,0,383,-,-,0
Blossoms,PST,1,1,0,275,-,-,0
BLRINK,PRS,7+,7.8,0,683,-,-,0
BLRINK,PST,3,3.5,0,400,-,-,0
blue comet,PRS,5,5,0,645,-,-,0
blue comet,PST,3,3.5,0,494,-,-,0
Blue Rose,FTR,9,9.1,0,955,-,-,0
Blue Rose,PRS,6,6,0,669,-,-,0
Blue Rose,PST,2,2,0,595,-,-,0
BlythE,ETR,10,10.5,0,"1,207",-,-,0
BlythE,FTR,9,9.4,0,"1,000",-,-,0
BlythE,PRS,7,7.5,0,729,-,-,0
BlythE,PST,3,3.5,0,610,-,-,0
Bookmaker (2D Version),PRS,6,6.5,0,728,-,-,0
Bookmaker (2D Version),PST,4,4.5,0,538,-,-,0
Brand new world,PRS,4,4,0,432,-,-,0
Brand new world,PST,2,2,0,322,-,-,0
Breach of Faith,BYD,10+,10.9,0,"1,448",-,-,0
Breach of Faith,FTR,10,10.3,0,"1,373",-,-,0
Breach of Faith,PRS,8,8.4,0,"1,171",-,-,0
Breach of Faith,PST,5,5.5,0,986,-,-,0
BREaK! BREaK! BREaK!,ETR,10,10.3,0,"1,251",-,-,0
BREaK! BREaK! BREaK!,FTR,8+,8.8,0,894,-,-,0
BREaK! BREaK! BREaK!,PRS,6,6.5,0,614,-,-,0
BREaK! BREaK! BREaK!,PST,3,3.5,0,472,-,-,0
BUCHiGiRE Berserker,FTR,10+,10.8,0,"1,412",-,-,0
BUCHiGiRE Berserker,PRS,8,8.6,0,"1,046",-,-,0
BUCHiGiRE Berserker,PST,5,5,0,850,-,-,0
Bullet Waiting for Me (James Landino remix),FTR,8,8.1,0,701,-,-,0
Bullet Waiting for Me (James Landino remix),PRS,4,4.5,0,390,-,-,0
Bullet Waiting for Me (James Landino remix),PST,2,2.5,0,325,-,-,0
Call My Name feat. Yukacco,FTR,8+,8.7,0,921,-,-,0
Call My Name feat. Yukacco,PRS,6,6,0,653,-,-,0
Call My Name feat. Yukacco,PST,3,3.5,0,591,-,-,0
Callima Karma,PRS,7,7.5,0,989,-,-,0
Callima Karma,PST,3,3.5,0,"1,024",-,-,0
Can I Friend You on Bassbook? Lol,FTR,9,9.3,0,861,-,-,0
Can I Friend You on Bassbook? Lol,PRS,6,6.5,0,548,-,-,0
Can I Friend You on Bassbook? Lol,PST,3,3,0,415,-,-,0
Capella,PRS,7+,7.8,0,904,-,-,0
Capella,PST,4,4.5,0,884,-,-,0
carmine:scythe,FTR,9,9.6,0,"1,164",-,-,0
carmine:scythe,PRS,7+,7.8,0,710,-,-,0
carmine:scythe,PST,4,4,0,493,-,-,0
CHAIN2NITE,ETR,9+,9.9,0,"1,037",-,-,0
CHAIN2NITE,FTR,8,8.6,0,883,-,-,0
CHAIN2NITE,PRS,6,6.5,0,759,-,-,0
CHAIN2NITE,PST,4,4,0,723,-,-,0
CHAOS,FTR,10+,10.9,0,"1,369",-,-,0
CHAOS,PRS,7,7.5,0,848,-,-,0
CHAOS,PST,5,5.5,0,646,-,-,0
CHAOSBLAST,ETR,10,10.5,0,"1,539",-,-,0
CHAOSBLAST,FTR,9,9.6,0,"1,290",-,-,0
CHAOSBLAST,PRS,7+,7.8,0,"1,000",-,-,0
CHAOSBLAST,PST,4,4.5,0,786,-,-,0
Chelsea,PRS,6,6,0,503,-,-,0
Chelsea,PST,3,3,0,388,-,-,0
Chromafill,FTR,10,10,0,"1,130",-,-,0
Chromafill,PRS,7,7,0,890,-,-,0
Chromafill,PST,4,4,0,757,-,-,0
Chronicle,PRS,8+,8.9,0,"1,077",-,-,0
Chronicle,PST,5,5,0,928,-,-,0
Chronostasis,PRS,7,7.5,0,812,-,-,0
Chronostasis,PST,3,3.5,0,619,-,-,0
Climax,PRS,7+,7.8,0,988,-,-,0
Climax,PST,4,4.5,0,773,-,-,0
Clotho and the stargazer,ETR,8+,8.8,0,"1,031",-,-,0
Clotho and the stargazer,PRS,5,5,0,745,-,-,0
Clotho and the stargazer,PST,2,2,0,519,-,-,0
Coastal Highway,FTR,9,9.1,0,732,-,-,0
Coastal Highway,PRS,6,6,0,479,-,-,0
Coastal Highway,PST,3,3,0,355,-,-,0
cocoro*cosmetic,FTR,9,9.2,0,"1,025",-,-,0
cocoro*cosmetic,PRS,7,7,0,687,-,-,0
cocoro*cosmetic,PST,3,3,0,525,-,-,0
Code: Oblivion,ETR,10+,10.9,0,"1,503",-,-,0
Code: Oblivion,FTR,9+,9.9,0,"1,281",-,-,0
Code: Oblivion,PRS,8,8.3,0,"1,015",-,-,0
Code: Oblivion,PST,5,5.5,0,773,-,-,0
conflict,PRS,7,7.5,0,731,-,-,0
conflict,PST,4,4.5,0,520,-,-,0
corps-sans-organes,PRS,7+,7.8,0,615,-,-,0
corps-sans-organes,PST,4,4.5,0,438,-,-,0
Corruption,PRS,6,6.5,0,847,-,-,0
Corruption,PST,3,3,0,664,-,-,0
Cosmica,FTR,8+,8.8,0,773,-,-,0
Cosmica,PRS,5,5,0,556,-,-,0
Cosmica,PST,2,2.5,0,428,-,-,0
Cosmo Pop Funclub,FTR,8+,8.8,0,809,-,-,0
Cosmo Pop Funclub,PRS,6,6,0,591,-,-,0
Cosmo Pop Funclub,PST,2,2.5,0,352,-,-,0
Crimson Quartz,FTR,8+,8.8,0,861,-,-,0
Crimson Quartz,PRS,6,6,0,615,-,-,0
Crimson Quartz,PST,3,3,0,569,-,-,0
Crimson Throne,FTR,10,10.6,0,"1,313",-,-,0
Crimson Throne,PRS,8,8,0,"1,079",-,-,0
Crimson Throne,PST,4,4,0,727,-,-,0
CROSS†OVER,FTR,9,9.4,0,"1,094",-,-,0
CROSS†OVER,PRS,6,6.5,0,810,-,-,0
CROSS†OVER,PST,4,4,0,653,-,-,0
CROSS†SOUL,PRS,7,7,0,823,-,-,0
CROSS†SOUL,PST,4,4,0,606,-,-,0
cry of viyella,PRS,6,6,0,492,-,-,0
cry of viyella,PST,3,3.5,0,414,-,-,0
Crystal Gravity,PRS,6,6.5,0,653,-,-,0
Crystal Gravity,PST,3,3.5,0,571,-,-,0
Cyaegha,PRS,8,8.4,0,984,-,-,0
Cyaegha,PST,5,5.5,0,760,-,-,0
cyanine,FTR,10,10.6,0,"1,171",-,-,0
cyanine,PRS,7+,7.8,0,947,-,-,0
cyanine,PST,4,4,0,661,-,-,0
Cybernecia Catharsis,PRS,7,7,0,655,-,-,0
Cybernecia Catharsis,PST,4,4,0,377,-,-,0
CYCLES,FTR,8+,8.8,0,695,-,-,0
CYCLES,PRS,5,5,0,430,-,-,0
CYCLES,PST,2,2,0,389,-,-,0
DA'AT -The First Seeker of Souls-,FTR,10+,10.9,0,"1,500",-,-,0
DA'AT -The First Seeker of Souls-,PRS,8,8.4,0,"1,091",-,-,0
DA'AT -The First Seeker of Souls-,PST,5,5.5,0,921,-,-,0
Dancin' on a Cat's Paw,PRS,6,6,0,593,-,-,0
Dancin' on a Cat's Paw,PST,3,3,0,417,-,-,0
Dandelion,PRS,6,6,0,698,-,-,0
Dandelion,PST,2,2.5,0,391,-,-,0
Dantalion,PRS,8,8.2,0,843,-,-,0
Dantalion,PST,5,5,0,730,-,-,0
DataErr0r,FTR,9,9.5,0,955,-,-,0
DataErr0r,PRS,7,7,0,785,-,-,0
DataErr0r,PST,3,3,0,502,-,-,0
Dazzle hop,FTR,9+,9.7,0,"1,022",-,-,0
Dazzle hop,PRS,6,6.5,0,571,-,-,0
Dazzle hop,PST,3,3.5,0,561,-,-,0
DDD,PRS,6,6.5,0,484,-,-,0
DDD,PST,2,2.5,0,363,-,-,0
Death By Glamour,ETR,9,9.4,0,912,-,-,0
Death By Glamour,FTR,7+,7.8,0,610,-,-,0
Death By Glamour,PRS,5,5,0,470,-,-,0
Death By Glamour,PST,2,2.5,0,460,-,-,0
Defection,PRS,6,6.5,0,800,-,-,0
Defection,PST,3,3.5,0,588,-,-,0
Dematerialized,ETR,8,8.3,0,790,-,-,0
Dematerialized,FTR,7,7.5,0,722,-,-,0
Dematerialized,PRS,4,4.5,0,659,-,-,0
Dematerialized,PST,1,1.5,0,469,-,-,0
Dement ~after legend~,PRS,6,6,0,756,-,-,0
Dement ~after legend~,PST,3,3.5,0,548,-,-,0
Designant.,BYD,11+,11.9,0,"2,184",-,-,0
Designant.,FTR,10+,10.9,0,"1,768",-,-,0
Designant.,PRS,9,9.6,0,"1,426",-,-,0
Designant.,PST,7,7.5,0,"1,055",-,-,0
Désive,ETR,10+,10.8,0,"1,340",-,-,0
Désive,FTR,9+,9.9,0,"1,273",-,-,0
Désive,PRS,8,8,0,"1,051",-,-,0
Désive,PST,5,5,0,"1,007",-,-,0
Devillic Sphere,FTR,9+,9.9,0,"1,129",-,-,0
Devillic Sphere,PRS,7+,7.8,0,692,-,-,0
Devillic Sphere,PST,4,4,0,490,-,-,0
Dialnote,PRS,6,6,0,548,-,-,0
Dialnote,PST,3,3,0,393,-,-,0
Dies irae,ETR,10,10.6,0,"1,263",-,-,0
Dies irae,FTR,9,9.5,0,"1,052",-,-,0
Dies irae,PRS,7,7.5,0,802,-,-,0
Dies irae,PST,4,4.5,0,632,-,-,0
Diode,PRS,5,5.5,0,472,-,-,0
Diode,PST,2,2.5,0,452,-,-,0
disintegration,ETR,9+,9.8,0,821,-,-,0
disintegration,FTR,8,8.3,0,605,-,-,0
disintegration,PRS,6,6.5,0,466,-,-,0
disintegration,PST,4,4,0,387,-,-,0
Distorted Fate,ETR,10+,10.8,0,"1,402",-,-,0
Distorted Fate,FTR,9,9.6,0,"1,172",-,-,0
Distorted Fate,PRS,7+,7.8,0,890,-,-,0
Distorted Fate,PST,4,4.5,0,756,-,-,0
Distortion Human,FTR,9+,9.9,0,"1,317",-,-,0
Distortion Human,PRS,6,6.5,0,841,-,-,0
Distortion Human,PST,3,3,0,544,-,-,0
Divine Light of Myriad,FTR,10+,10.8,0,"1,021",-,-,0
Divine Light of Myriad,PRS,7+,7.8,0,835,-,-,0
Divine Light of Myriad,PST,4,4.5,0,798,-,-,0
Don't Die,ETR,10,10.1,0,"1,004",-,-,0
Don't Die,FTR,9,9.4,0,793,-,-,0
Don't Die,PRS,7,7,0,565,-,-,0
Don't Die,PST,3,3.5,0,460,-,-,0
Don't Fight The Music,ETR,10+,10.7,0,"1,385",-,-,0
Don't Fight The Music,FTR,9,9.3,0,"1,043",-,-,0
Don't Fight The Music,PRS,7+,7.8,0,962,-,-,0
Don't Fight The Music,PST,4,4.5,0,757,-,-,0
Dot to Dot feat. Shully,FTR,8,8.3,0,739,-,-,0
Dot to Dot feat. Shully,PRS,6,6,0,522,-,-,0
Dot to Dot feat. Shully,PST,3,3,0,453,-,-,0
Dreadnought,FTR,9+,9.7,0,"1,099",-,-,0
Dreadnought,PRS,7,7,0,897,-,-,0
Dreadnought,PST,4,4,0,715,-,-,0
Dream goes on,FTR,7+,7.8,0,719,-,-,0
Dream goes on,PRS,5,5,0,751,-,-,0
Dream goes on,PST,1,1.5,0,532,-,-,0
Dreamin' Attraction!!,PRS,7,7,0,785,-,-,0
Dreamin' Attraction!!,PST,4,4.5,0,592,-,-,0
DRG,FTR,9,9.4,0,872,-,-,0
DRG,PRS,7,7,0,624,-,-,0
DRG,PST,3,3.5,0,380,-,-,0
dropdead,PRS,9,9.5,0,"1,323",-,-,0
dropdead,FTR,8+,9.1,0,823,-,-,0
dropdead,PST,1,1.5,0,44,-,-,0
Dual Dependency,ETR,10,10.4,0,"1,162",-,-,0
Dual Dependency,FTR,9,9.5,0,987,-,-,0
Dual Dependency,PRS,7+,7.8,0,784,-,-,0
Dual Dependency,PST,4,4.5,0,607,-,-,0
Dual Doom Deathmatch,FTR,8+,8.9,0,"1,094",-,-,0
Dual Doom Deathmatch,PRS,6,6.5,0,830,-,-,0
Dual Doom Deathmatch,PST,3,3.5,0,838,-,-,0
Dull Blade,FTR,10,10.5,0,"1,199",-,-,0
Dull Blade,PRS,8,8,0,780,-,-,0
Dull Blade,PST,4,4.5,0,579,-,-,0
DX Choseinou Full Metal Shojo,FTR,9+,9.7,0,808,-,-,0
DX Choseinou Full Metal Shojo,PRS,6,6,0,556,-,-,0
DX Choseinou Full Metal Shojo,PST,3,3,0,327,-,-,0
Dynitikós,PRS,7,7.5,0,894,-,-,0
Dynitikós,PST,4,4,0,683,-,-,0
Eccentric Tale,FTR,8,8.4,0,732,-,-,0
Eccentric Tale,PRS,5,5.5,0,483,-,-,0
Eccentric Tale,PST,2,2,0,313,-,-,0
eden,FTR,10,10.5,0,"1,365",-,-,0
eden,PRS,8,8.2,0,"1,194",-,-,0
eden,PST,4,4.5,0,826,-,-,0
Ego Eimi,FTR,10,10.5,0,"1,223",-,-,0
Ego Eimi,PRS,8,8.6,0,937,-,-,0
Ego Eimi,PST,5,5.5,0,801,-,-,0
Einherjar Joker,BYD,10+,10.9,0,"1,857",-,-,0
Einherjar Joker,PRS,7,7,0,767,-,-,0
Einherjar Joker,PST,4,4,0,582,-,-,0
Empire of Winter,FTR,9,9.1,0,920,-,-,0
Empire of Winter,PRS,6,6.5,0,662,-,-,0
Empire of Winter,PST,3,3.5,0,484,-,-,0
enchanted love,PRS,4,4.5,0,617,-,-,0
enchanted love,PST,2,2,0,436,-,-,0
End of The Moonlight,FTR,9,9.5,0,738,-,-,0
End of The Moonlight,PRS,5,5.5,0,434,-,-,0
End of The Moonlight,PST,3,3,0,340,-,-,0
ENERGY SYNERGY MATRIX,BYD,10,10.3,0,"1,011",-,-,0
ENERGY SYNERGY MATRIX,PRS,7,7,0,608,-,-,0
ENERGY SYNERGY MATRIX,PST,3,3.5,0,471,-,-,0
epitaxy,ETR,9,9.6,0,"1,410",-,-,0
epitaxy,FTR,8,8.6,0,"1,177",-,-,0
epitaxy,PRS,6,6,0,939,-,-,0
epitaxy,PST,3,3,0,826,-,-,0
Equilibrium,PRS,6,6.5,0,724,-,-,0
Equilibrium,PST,3,3.5,0,587,-,-,0
Essence of Twilight,PRS,7,7,0,767,-,-,0
Essence of Twilight,PST,4,4.5,0,556,-,-,0
Eternity Break,ETR,10,10.4,0,"1,155",-,-,0
Eternity Break,FTR,9,9.6,0,"1,051",-,-,0
Eternity Break,PRS,7,7.5,0,882,-,-,0
Eternity Break,PST,3,3.5,0,634,-,-,0
Ether Strike,PRS,8,8.3,0,837,-,-,0
Ether Strike,PST,5,5.5,0,659,-,-,0
Evening in Scarlet,FTR,9,9.5,0,922,-,-,0
Evening in Scarlet,PRS,7,7,0,638,-,-,0
Evening in Scarlet,PST,4,4,0,530,-,-,0
Evoltex (poppi'n mix),FTR,8+,8.9,0,775,-,-,0
Evoltex (poppi'n mix),PRS,7,7,0,627,-,-,0
Evoltex (poppi'n mix),PST,2,2,0,297,-,-,0
Extradimensional Cosmic Phenomenon,ETR,11,11.3,0,"1,726",-,-,0
Extradimensional Cosmic Phenomenon,FTR,10,10.6,0,"1,422",-,-,0
Extradimensional Cosmic Phenomenon,PRS,8+,8.8,0,"1,193",-,-,0
Extradimensional Cosmic Phenomenon,PST,6,6.5,0,"1,011",-,-,0
Factorder,ETR,9,9.6,0,"1,015",-,-,0
Factorder,FTR,8,8.6,0,849,-,-,0
Factorder,PRS,6,6.5,0,663,-,-,0
Factorder,PST,2,2.5,0,510,-,-,0
Faint Light (Arcaea Edit),FTR,9,9.1,0,809,-,-,0
Faint Light (Arcaea Edit),PRS,6,6,0,711,-,-,0
Faint Light (Arcaea Edit),PST,3,3,0,587,-,-,0
Fairytale,PRS,3,3.5,0,511,-,-,0
Fairytale,PST,1,1,0,336,-,-,0
Fallensquare,FTR,9+,9.7,0,703,-,-,0
Fallensquare,PRS,7,7.5,0,486,-,-,0
Fallensquare,PST,3,3,0,316,-,-,0
False Embellishment,PRS,6,6.5,0,684,-,-,0
False Embellishment,PST,3,3.5,0,576,-,-,0
FANTA5Y,PRS,7,7,0,715,-,-,0
FANTA5Y,PST,3,3,0,536,-,-,0
Far Away Light,PRS,7+,7.8,0,769,-,-,0
Far Away Light,PST,4,4.5,0,656,-,-,0
Feels So Right feat. Renko,FTR,9,9.3,0,947,-,-,0
Feels So Right feat. Renko,PRS,6,6.5,0,636,-,-,0
Feels So Right feat. Renko,PST,3,3.5,0,594,-,-,0
Felis,PRS,7,7.5,0,624,-,-,0
Felis,PST,4,4,0,463,-,-,0
felys final remix,PRS,6,6.5,0,771,-,-,0
felys final remix,PST,3,3,0,626,-,-,0
Filament,FTR,9+,9.7,0,991,-,-,0
Filament,PRS,7+,7.8,0,780,-,-,0
Filament,PST,4,4.5,0,582,-,-,0
Final Step!,FTR,9,9.4,0,"1,056",-,-,0
Final Step!,PRS,6,6.5,0,684,-,-,0
Final Step!,PST,3,3.5,0,625,-,-,0
First Snow,FTR,7+,7.8,0,578,-,-,0
First Snow,PRS,4,4.5,0,442,-,-,0
First Snow,PST,2,2.5,0,366,-,-,0
Flashback,PRS,5,5,0,488,-,-,0
Flashback,PST,2,2,0,356,-,-,0
Floating World,FTR,9,9.3,0,"1,047",-,-,0
Floating World,PRS,7,7,0,793,-,-,0
Floating World,PST,3,3,0,753,-,-,0
FLUFFY FLASH,PRS,6,6.5,0,946,-,-,0
FLUFFY FLASH,PST,3,3.5,0,787,-,-,0
Flyburg and Endroll,PRS,6,6,0,650,-,-,0
Flyburg and Endroll,PST,3,3,0,413,-,-,0
Fracture Ray,PST,6,6,0,983,-,-,0
Free Myself,FTR,10,10,0,"1,132",-,-,0
Free Myself,PRS,7,7.5,0,785,-,-,0
Free Myself,PST,4,4.5,0,662,-,-,0
FREEF4LL,PRS,7,7,0,782,-,-,0
FREEF4LL,PST,4,4,0,589,-,-,0
FURETE-MITAI,ETR,9,9.4,0,841,-,-,0
FURETE-MITAI,PRS,6,6,0,523,-,-,0
FURETE-MITAI,PST,2,2.5,0,447,-,-,0
G e n g a o z o,PRS,8,8.1,0,870,-,-,0
G e n g a o z o,PST,4,4,0,580,-,-,0
Galactic Love,FTR,9,9,0,813,-,-,0
Galactic Love,PRS,6,6.5,0,694,-,-,0
Galactic Love,PST,3,3,0,513,-,-,0
Galaxy Friends,FTR,9+,9.9,0,"1,013",-,-,0
Galaxy Friends,PRS,6,6,0,572,-,-,0
Galaxy Friends,PST,3,3.5,0,474,-,-,0
Garakuta Doll Play,FTR,10,10.4,0,"1,035",-,-,0
Garakuta Doll Play,PRS,6,6.5,0,572,-,-,0
Garakuta Doll Play,PST,4,4.5,0,444,-,-,0
Gekka (Short Version),PRS,6,6.5,0,628,-,-,0
Gekka (Short Version),PST,4,4,0,559,-,-,0
Genesis (Iris),PRS,5,5.5,0,399,-,-,0
Genesis (Iris),PST,2,2,0,275,-,-,0
Genesis (Morrigan feat. Lily),FTR,9+,9.8,0,867,-,-,0
Genesis (Morrigan feat. Lily),PRS,7,7,0,838,-,-,0
Genesis (Morrigan feat. Lily),PST,4,4,0,587,-,-,0
GENOCIDER,FTR,10+,10.8,0,"1,483",-,-,0
GENOCIDER,PRS,8+,8.9,0,"1,025",-,-,0
GENOCIDER,PST,4,4.5,0,832,-,-,0
Gensou no Satellite,ETR,10,10.1,0,"1,139",-,-,0
Gensou no Satellite,FTR,8+,8.7,0,992,-,-,0
Gensou no Satellite,PRS,6,6.5,0,783,-,-,0
Gensou no Satellite,PST,2,2.5,0,721,-,-,0
GIMME DA BLOOD,PRS,7,7.5,0,737,-,-,0
GIMME DA BLOOD,PST,3,3.5,0,582,-,-,0
GIMMICK,PRS,6,6.5,0,598,-,-,0
GIMMICK,PST,2,2.5,0,421,-,-,0
Give Me a Nightmare,PRS,5,5.5,0,817,-,-,0
Give Me a Nightmare,PST,3,3.5,0,676,-,-,0
GLORY: ROAD,PRS,7,7,0,999,-,-,0
GLORY: ROAD,PST,4,4.5,0,868,-,-,0
Glow,PRS,7,7.5,0,666,-,-,0
Glow,PST,4,4,0,504,-,-,0
goldenslaughterer,FTR,9+,9.7,0,"1,326",-,-,0
goldenslaughterer,PRS,6,6.5,0,880,-,-,0
goldenslaughterer,PST,4,4,0,486,-,-,0
"Good bye, Merry-Go-Round.",PRS,7,7.5,0,696,-,-,0
"Good bye, Merry-Go-Round.",PST,4,4.5,0,679,-,-,0
GOODTEK (Arcaea Edit),PRS,6,6.5,0,632,-,-,0
GOODTEK (Arcaea Edit),PST,4,4,0,449,-,-,0
Got hive of Ra,FTR,9+,9.8,0,794,-,-,0
Got hive of Ra,PRS,6,6.5,0,509,-,-,0
Got hive of Ra,PST,3,3,0,322,-,-,0
Grandspell,FTR,10,10.2,0,"1,289",-,-,0
Grandspell,PRS,8,8.4,0,977,-,-,0
Grandspell,PST,4,4.5,0,704,-,-,0
Grievous Lady,PRS,9,9.3,0,"1,194",-,-,0
Grievous Lady,PST,6,6.5,0,956,-,-,0
Grimheart,PRS,5,5,0,699,-,-,0
Grimheart,PST,2,2.5,0,728,-,-,0
Hailstone,FTR,9+,9.7,0,"1,002",-,-,0
Hailstone,PRS,7,7,0,651,-,-,0
Hailstone,PST,3,3.5,0,534,-,-,0
Halcyon,PRS,8,8.2,0,943,-,-,0
Halcyon,PST,5,5.5,0,662,-,-,0
Hall of Mirrors,FTR,8,8.2,0,898,-,-,0
Hall of Mirrors,PRS,5,5.5,0,553,-,-,0
Hall of Mirrors,PST,3,3,0,535,-,-,0
Harutopia ~Utopia of Spring~,PRS,4,4.5,0,706,-,-,0
Harutopia ~Utopia of Spring~,PST,1,1,0,444,-,-,0
Haze of Autumn,FTR,9+,9.8,0,"1,077",-,-,0
Haze of Autumn,PRS,7,7,0,733,-,-,0
Haze of Autumn,PST,3,3.5,0,533,-,-,0
Head BONK ache,FTR,9,9.4,0,"1,061",-,-,0
Head BONK ache,PRS,7,7,0,725,-,-,0
Head BONK ache,PST,4,4,0,570,-,-,0
Heart,PRS,5,5,0,575,-,-,0
Heart,PST,1,1,0,428,-,-,0
Heart Jackin',FTR,9+,9.7,0,"1,112",-,-,0
Heart Jackin',PRS,5,5.5,0,543,-,-,0
Heart Jackin',PST,3,3,0,506,-,-,0
Heartache,ETR,8+,8.7,0,851,-,-,0
Heartache,FTR,7,7.5,0,803,-,-,0
Heartache,PRS,4,4.5,0,687,-,-,0
Heartache,PST,1,1.5,0,425,-,-,0
Heavenly caress,FTR,9+,9.8,0,"1,560",-,-,0
Heavenly caress,PRS,7,7.5,0,909,-,-,0
Heavenly caress,PST,3,3.5,0,855,-,-,0
Heavensdoor,PRS,7,7.5,0,869,-,-,0
Heavensdoor,PST,4,4.5,0,766,-,-,0
HELLOHELL,ETR,9,9.3,0,770,-,-,0
HELLOHELL,FTR,7,7.5,0,673,-,-,0
HELLOHELL,PRS,5,5,0,445,-,-,0
HELLOHELL,PST,2,2.5,0,466,-,-,0
Hidden Rainbows of Epicurus,ETR,8+,8.8,0,884,-,-,0
Hidden Rainbows of Epicurus,PRS,5,5.5,0,644,-,-,0
Hidden Rainbows of Epicurus,PST,2,2.5,0,595,-,-,0
"Hiiro Gekka, Kyoushou no Zetsu (nayuta 2017 ver.)",FTR,10,10.3,0,"1,126",-,-,0
"Hiiro Gekka, Kyoushou no Zetsu (nayuta 2017 ver.)",PRS,6,6.5,0,709,-,-,0
"Hiiro Gekka, Kyoushou no Zetsu (nayuta 2017 ver.)",PST,3,3.5,0,719,-,-,0
Hikari,FTR,8,8.1,0,684,-,-,0
Hikari,PRS,6,6,0,450,-,-,0
Hikari,PST,2,2.5,0,237,-,-,0
HIVEMIND,PRS,8,8.6,0,988,-,-,0
HIVEMIND,PST,4,4,0,995,-,-,0
Hotarubi no Yuki,FTR,9+,9.7,0,991,-,-,0
Hotarubi no Yuki,PRS,7,7,0,733,-,-,0
Hotarubi no Yuki,PST,3,3.5,0,589,-,-,0
Hybris (The one who shattered),PRS,7+,7.8,0,973,-,-,0
Hybris (The one who shattered),PST,4,4.5,0,757,-,-,0
HYPER VISION,FTR,9+,9.8,0,"1,040",-,-,0
HYPER VISION,PRS,7,7.5,0,839,-,-,0
HYPER VISION,PST,4,4.5,0,639,-,-,0
Hypnotize,ETR,9+,9.9,0,"1,164",-,-,0
Hypnotize,FTR,8+,8.9,0,993,-,-,0
Hypnotize,PRS,7,7,0,761,-,-,0
Hypnotize,PST,3,3.5,0,518,-,-,0
I want You,ETR,9,9.4,0,660,-,-,0
I want You,FTR,8,8.3,0,528,-,-,0
I want You,PRS,5,5.5,0,395,-,-,0
I want You,PST,3,3,0,326,-,-,0
I've heard it said,PRS,6,6,0,664,-,-,0
I've heard it said,PST,3,3.5,0,510,-,-,0
Iconoclast,PRS,7,7,0,593,-,-,0
Iconoclast,PST,4,4,0,443,-,-,0
Ignition,FTR,9+,9.8,0,994,-,-,0
Ignition,PRS,6,6,0,621,-,-,0
Ignition,PST,3,3.5,0,578,-,-,0
Ignotus,PRS,6,6.5,0,809,-,-,0
Ignotus,PST,3,3.5,0,579,-,-,0
͟͝͞Ⅱ́̕,FTR,10+,10.8,0,"1,051",-,-,0
͟͝͞Ⅱ́̕,PRS,8+,8.9,0,816,-,-,0
͟͝͞Ⅱ́̕,PST,5,5,0,690,-,-,0
Ikazuchi,PRS,7,7.5,0,976,-,-,0
Ikazuchi,PST,3,3.5,0,656,-,-,0
Illegal Paradise,PRS,7,7,0,585,-,-,0
Illegal Paradise,PST,2,2,0,535,-,-,0
IMPACT,BYD,10,10.4,0,"1,392",-,-,0
IMPACT,FTR,9,9.6,0,"1,231",-,-,0
IMPACT,PRS,7+,7.8,0,913,-,-,0
IMPACT,PST,3,3.5,0,723,-,-,0
Impure Bird,FTR,9,9.4,0,805,-,-,0
Impure Bird,PRS,5,5.5,0,518,-,-,0
Impure Bird,PST,2,2,0,350,-,-,0
In Vain,FTR,9,9.5,0,"1,111",-,-,0
In Vain,PRS,6,6.5,0,677,-,-,0
In Vain,PST,3,3.5,0,562,-,-,0
INCARNATOR₀₀,ETR,10,10.4,0,"1,355",-,-,0
INCARNATOR₀₀,FTR,8+,8.9,0,"1,565",-,-,0
INCARNATOR₀₀,PRS,6,6.5,0,"1,276",-,-,0
INCARNATOR₀₀,PST,3,3.5,0,"1,178",-,-,0
incomplete the one,ETR,9+,9.9,0,"1,008",-,-,0
incomplete the one,FTR,8+,8.8,0,912,-,-,0
incomplete the one,PRS,7,7.5,0,848,-,-,0
incomplete the one,PST,3,3.5,0,691,-,-,0
INFINITE DIMENSION,ETR,10,10.1,0,"1,111",-,-,0
INFINITE DIMENSION,FTR,8,8.6,0,947,-,-,0
INFINITE DIMENSION,PRS,6,6,0,708,-,-,0
INFINITE DIMENSION,PST,2,2.5,0,566,-,-,0
"Infinite Strife,",PRS,7,7.5,0,"1,081",-,-,0
"Infinite Strife,",PST,4,4,0,888,-,-,0
Infinity Heaven,PRS,5,5.5,0,545,-,-,0
Infinity Heaven,PST,1,1.5,0,336,-,-,0
init(),FTR,9+,9.8,0,"1,204",-,-,0
init(),PRS,7,7.5,0,957,-,-,0
init(),PST,4,4,0,713,-,-,0
inkar-usi,PRS,4,4,0,326,-,-,0
inkar-usi,PST,2,2,0,276,-,-,0
Innocence,FTR,8,8.5,0,"1,023",-,-,0
Innocence,PRS,6,6.5,0,811,-,-,0
Innocence,PST,3,3,0,734,-,-,0
INTERNET OVERDOSE,FTR,8,8.4,0,657,-,-,0
INTERNET OVERDOSE,PRS,6,6.5,0,578,-,-,0
INTERNET OVERDOSE,PST,3,3,0,430,-,-,0
INTERNET YAMERO,FTR,10,9.9,0,"1,222",-,-,0
INTERNET YAMERO,PRS,7+,7.8,0,987,-,-,0
INTERNET YAMERO,PST,4,4.5,0,677,-,-,0
Inverted World,ETR,10+,10.7,0,"1,065",-,-,0
Inverted World,FTR,9,9.5,0,940,-,-,0
Inverted World,PRS,7,7,0,646,-,-,0
Inverted World,PST,3,3,0,525,-,-,0
IONOSTREAM,ETR,9+,9.7,0,871,-,-,0
IONOSTREAM,FTR,8+,8.7,0,818,-,-,0
IONOSTREAM,PRS,6,6,0,890,-,-,0
IONOSTREAM,PST,3,3.5,0,845,-,-,0
IZANA,PRS,8,8.3,0,836,-,-,0
IZANA,PST,5,5,0,609,-,-,0
Jingle,ETR,9,9.5,0,"1,047",-,-,0
Jingle,FTR,7+,7.8,0,848,-,-,0
Jingle,PRS,5,5.5,0,741,-,-,0
Jingle,PST,2,2.5,0,530,-,-,0
Journey,FTR,9,9.1,0,997,-,-,0
Journey,PRS,6,6,0,778,-,-,0
Journey,PST,3,3,0,551,-,-,0
Judgement,FTR,10,10.5,0,"1,432",-,-,0
Judgement,PRS,8,8.6,0,"1,055",-,-,0
Judgement,PST,5,5.5,0,844,-,-,0
Jump,PRS,6,6,0,622,-,-,0
Jump,PST,4,4,0,531,-,-,0
Kanagawa Cyber Culvert,PRS,5,5.5,0,707,-,-,0
Kanagawa Cyber Culvert,PST,1,1,0,375,-,-,0
Kanbu de Tomatte Sugu Tokeru,FTR,10,10.1,0,"1,108",-,-,0
Kanbu de Tomatte Sugu Tokeru,PRS,7,7.5,0,714,-,-,0
Kanbu de Tomatte Sugu Tokeru,PST,4,4,0,584,-,-,0
Kanjou no Matenrou ~Arr.Demetori,PRS,6,6.5,0,929,-,-,0
Kanjou no Matenrou ~Arr.Demetori,PST,3,3.5,0,736,-,-,0
Kissing Lucifer,FTR,10,10.4,0,"1,183",-,-,0
Kissing Lucifer,PRS,7+,7.8,0,770,-,-,0
Kissing Lucifer,PST,4,4.5,0,639,-,-,0
KYOREN ROMANCE,PRS,7+,7.8,0,982,-,-,0
KYOREN ROMANCE,PST,4,4,0,821,-,-,0
La'qryma of the Wasteland,BYD,10,10,0,"1,161",-,-,0
La'qryma of the Wasteland,PRS,6,6.5,0,651,-,-,0
La'qryma of the Wasteland,PST,3,3.5,0,447,-,-,0
Ladymade Star,ETR,9,9.2,0,753,-,-,0
Ladymade Star,FTR,8,8.4,0,646,-,-,0
Ladymade Star,PRS,6,6.5,0,491,-,-,0
Ladymade Star,PST,2,2.5,0,394,-,-,0
Lament Rain,BYD,11,11.4,0,"1,637",-,-,0
Lament Rain,FTR,10,10.6,0,"1,380",-,-,0
Lament Rain,PRS,8+,8.8,0,"1,186",-,-,0
Lament Rain,PST,5,5.5,0,"1,025",-,-,0
LAMIA,PRS,8,8.5,0,885,-,-,0
LAMIA,PST,5,5,0,826,-,-,0
Lapis,FTR,9,9.4,0,920,-,-,0
Lapis,PRS,6,6,0,520,-,-,0
Lapis,PST,2,2,0,391,-,-,0
Last,PRS,7,7,0,781,-,-,0
Last,PST,4,4,0,680,-,-,0
Last Celebration,PRS,6,6.5,0,994,-,-,0
Last Celebration,PST,3,3.5,0,969,-,-,0
Last Goodbye,ETR,9+,9.7,0,911,-,-,0
Last Goodbye,FTR,8,8.2,0,727,-,-,0
Last Goodbye,PRS,6,6.5,0,605,-,-,0
Last Goodbye,PST,2,2.5,0,497,-,-,0
lastendconductor,BYD,10,10.2,0,"1,339",-,-,0
lastendconductor,FTR,9,9.4,0,"1,209",-,-,0
lastendconductor,PRS,7,7.5,0,901,-,-,0
lastendconductor,PST,3,3.5,0,726,-,-,0
Lawless Point,PRS,6,6,0,630,-,-,0
Lawless Point,PST,3,3,0,476,-,-,0
Lazy Addiction,FTR,9,9.6,0,"1,031",-,-,0
Lazy Addiction,PRS,6,6,0,647,-,-,0
Lazy Addiction,PST,2,2.5,0,462,-,-,0
Leave All Behind,PRS,5,5.5,0,488,-,-,0
Leave All Behind,PST,2,2,0,380,-,-,0
Let you DIVE! (nitro rmx),FTR,9,9.4,0,"1,049",-,-,0
Let you DIVE! (nitro rmx),PRS,6,6.5,0,819,-,-,0
Let you DIVE! (nitro rmx),PST,3,3,0,608,-,-,0
Let's Rock (Arcaea mix),PRS,7,7,0,963,-,-,0
Let's Rock (Arcaea mix),PST,3,3,0,541,-,-,0
Lethaeus,PRS,6,6.5,0,717,-,-,0
Lethaeus,PST,3,3.5,0,480,-,-,0
Lethal Voltage,FTR,10,10.4,0,"1,497",-,-,0
Lethal Voltage,PRS,7+,7.8,0,922,-,-,0
Lethal Voltage,PST,4,4.5,0,724,-,-,0
Liar,FTR,10,10,0,919,-,-,0
Liar,PRS,7+,7.8,0,614,-,-,0
Liar,PST,4,4.5,0,461,-,-,0
Libertas,BYD,10,10.5,0,"1,048",-,-,0
Libertas,PRS,5,5.5,0,514,-,-,0
Libertas,PST,3,3.5,0,476,-,-,0
Life is PIANO,FTR,9,9.1,0,674,-,-,0
Life is PIANO,PRS,6,6,0,437,-,-,0
Life is PIANO,PST,3,3.5,0,398,-,-,0
LiftOff,ETR,9+,9.8,0,988,-,-,0
LiftOff,FTR,8,8.2,0,660,-,-,0
LiftOff,PRS,6,6.5,0,500,-,-,0
LiftOff,PST,3,3,0,459,-,-,0
Lightning Screw,FTR,10,10.5,0,"1,192",-,-,0
Lightning Screw,PRS,7+,7.8,0,811,-,-,0
Lightning Screw,PST,4,4.5,0,611,-,-,0
Lights of Muse,FTR,8+,8.9,0,580,-,-,0
Lights of Muse,PRS,6,6,0,438,-,-,0
Lights of Muse,PST,2,2.5,0,333,-,-,0
Lilly,ETR,10+,10.8,0,"1,353",-,-,0
Lilly,FTR,9+,9.9,0,"1,312",-,-,0
Lilly,PRS,8,8.4,0,"1,052",-,-,0
Lilly,PST,5,5,0,865,-,-,0
Linear Accelerator,FTR,9+,9.8,0,905,-,-,0
Linear Accelerator,PRS,6,6,0,488,-,-,0
Linear Accelerator,PST,2,2,0,438,-,-,0
Live Fast Die Young,PRS,8,8.5,0,837,-,-,0
Live Fast Die Young,PST,4,4.5,0,565,-,-,0
LIVHT MY WΔY,FTR,9+,9.8,0,954,-,-,0
LIVHT MY WΔY,PRS,7,7.5,0,738,-,-,0
LIVHT MY WΔY,PST,4,4.5,0,673,-,-,0
Logos,PRS,7+,7.8,0,798,-,-,0
Logos,PST,4,4,0,697,-,-,0
Löschen,PRS,7,7,0,850,-,-,0
Löschen,PST,3,3.5,0,642,-,-,0
Lost Civilization,PRS,7,7,0,690,-,-,0
Lost Civilization,PST,4,4,0,462,-,-,0
Lost Desire,PRS,7+,7.8,0,871,-,-,0
Lost Desire,PST,4,4,0,684,-,-,0
Lost Emotion feat. nomico,PRS,7,7,0,780,-,-,0
Lost Emotion feat. nomico,PST,3,3.5,0,602,-,-,0
Lost in the Abyss,FTR,9+,9.7,0,"1,179",-,-,0
Lost in the Abyss,PRS,6,6.5,0,908,-,-,0
Lost in the Abyss,PST,3,3.5,0,907,-,-,0
Loveless Dress,PRS,6,6.5,0,630,-,-,0
Loveless Dress,PST,3,3.5,0,537,-,-,0
Lucid Traveler,FTR,10,10.5,0,"1,341",-,-,0
Lucid Traveler,PRS,8+,8.9,0,"1,006",-,-,0
Lucid Traveler,PST,4,4.5,0,634,-,-,0
Lucifer,PRS,5,5.5,0,506,-,-,0
Lucifer,PST,3,3.5,0,424,-,-,0
Lumia,PRS,5,5.5,0,438,-,-,0
Lumia,PST,2,2.5,0,469,-,-,0
Luna Rossa,FTR,9+,9.7,0,920,-,-,0
Luna Rossa,PRS,6,6,0,578,-,-,0
Luna Rossa,PST,3,3,0,443,-,-,0
LunarOrbit -believe in the Espebranch road-,PRS,6,6,0,757,-,-,0
LunarOrbit -believe in the Espebranch road-,PST,3,3.5,0,624,-,-,0
Macrocosmic Modulation,FTR,9+,9.8,0,"1,117",-,-,0
Macrocosmic Modulation,PRS,7+,7.8,0,789,-,-,0
Macrocosmic Modulation,PST,4,4,0,608,-,-,0
Magnolia,FTR,10,10.2,0,895,-,-,0
Magnolia,PRS,7+,7.8,0,726,-,-,0
Magnolia,PST,4,4.5,0,625,-,-,0
MAHOROBA,FTR,9,9.5,0,828,-,-,0
MAHOROBA,PRS,6,6.5,0,632,-,-,0
MAHOROBA,PST,3,3,0,422,-,-,0
Malicious Mischance,PRS,7+,7.8,0,706,-,-,0
Malicious Mischance,PST,4,4,0,510,-,-,0
Manic Jeer,FTR,10,10.6,0,"1,286",-,-,0
Manic Jeer,PRS,7+,7.8,0,875,-,-,0
Manic Jeer,PST,4,4,0,698,-,-,0
MANTIS (Arcaea Ultra-Bloodrush VIP),PRS,7,7,0,760,-,-,0
MANTIS (Arcaea Ultra-Bloodrush VIP),PST,3,3,0,575,-,-,0
MARENYX,ETR,10+,10.8,0,"1,500",-,-,0
MARENYX,FTR,9,9.5,0,"1,307",-,-,0
MARENYX,PRS,7+,7.8,0,"1,143",-,-,0
MARENYX,PST,4,4.5,0,886,-,-,0
Masquerade Legion,PRS,6,6.5,0,698,-,-,0
Masquerade Legion,PST,3,3.5,0,510,-,-,0
MAXRAGE,FTR,9+,9.9,0,"1,184",-,-,0
MAXRAGE,PRS,6,6.5,0,760,-,-,0
MAXRAGE,PST,3,3.5,0,696,-,-,0
Maze No.9,PRS,3,3.5,0,445,-,-,0
Maze No.9,PST,3,3,0,494,-,-,0
Mazy Metroplex,FTR,9+,9.8,0,952,-,-,0
Mazy Metroplex,PRS,7+,7.8,0,704,-,-,0
Mazy Metroplex,PST,3,3,0,453,-,-,0
Medusa,FTR,10,10.1,0,931,-,-,0
Medusa,PRS,7,7,0,645,-,-,0
Medusa,PST,4,4.5,0,550,-,-,0
MEGALOVANIA,ETR,10,10.5,0,"1,202",-,-,0
MEGALOVANIA,FTR,9,9.5,0,"1,064",-,-,0
MEGALOVANIA,PRS,7,7.5,0,969,-,-,0
MEGALOVANIA,PST,4,4.5,0,906,-,-,0
MEGALOVANIA (Camellia Remix),ETR,10+,10.9,0,"1,468",-,-,0
MEGALOVANIA (Camellia Remix),FTR,9+,9.8,0,"1,345",-,-,0
MEGALOVANIA (Camellia Remix),PRS,8,8.4,0,"1,161",-,-,0
MEGALOVANIA (Camellia Remix),PST,5,5.5,0,946,-,-,0
Melty Rhapsody,ETR,10,10.4,0,"1,185",-,-,0
Melty Rhapsody,FTR,9,9.6,0,975,-,-,0
Melty Rhapsody,PRS,7,7.5,0,790,-,-,0
Melty Rhapsody,PST,3,3.5,0,582,-,-,0
Memory Forest,PRS,6,6,0,726,-,-,0
Memory Forest,PST,3,3.5,0,639,-,-,0
memoryfactory.lzh,PRS,5,5.5,0,448,-,-,0
memoryfactory.lzh,PST,2,2.5,0,308,-,-,0
MERLIN,BYD,9,9.4,0,881,-,-,0
MERLIN,FTR,8+,8.9,0,712,-,-,0
MERLIN,PRS,5,5.5,0,428,-,-,0
MERLIN,PST,3,3,0,315,-,-,0
Meta-Mysteria,FTR,10+,10.8,0,"1,309",-,-,0
Meta-Mysteria,PRS,7+,7.8,0,905,-,-,0
Meta-Mysteria,PST,5,5,0,844,-,-,0
Metallic Punisher,PRS,7,7,0,846,-,-,0
Metallic Punisher,PST,3,3,0,500,-,-,0
Miles,ETR,9+,9.8,0,829,-,-,0
Miles,FTR,8,8.2,0,687,-,-,0
Miles,PRS,6,6.5,0,548,-,-,0
Miles,PST,3,3.5,0,385,-,-,0
MIRINAE,FTR,10,10.4,0,"1,277",-,-,0
MIRINAE,PRS,8,8.3,0,881,-,-,0
MIRINAE,PST,4,4.5,0,646,-,-,0
Mirzam,FTR,9+,9.9,0,"1,303",-,-,0
Mirzam,PRS,7,7.5,0,885,-,-,0
Mirzam,PST,4,4,0,662,-,-,0
Misdeed -la bonté de Dieu et l'origine du mal-,PRS,8,8.5,0,"1,070",-,-,0
Misdeed -la bonté de Dieu et l'origine du mal-,PST,5,5.5,0,814,-,-,0
mod,FTR,9,9.4,0,853,-,-,0
mod,PRS,6,6.5,0,676,-,-,0
mod,PST,3,3.5,0,572,-,-,0
Modelista,FTR,9+,9.9,0,"1,010",-,-,0
Modelista,PRS,7,7.5,0,691,-,-,0
Modelista,PST,3,3.5,0,418,-,-,0
Monochrome Princess,PRS,7+,7.8,0,756,-,-,0
Monochrome Princess,PST,4,4.5,0,621,-,-,0
Moonheart,PRS,5,5.5,0,566,-,-,0
Moonheart,PST,2,2.5,0,449,-,-,0
Moonlight of Sand Castle,FTR,7+,7.8,0,645,-,-,0
Moonlight of Sand Castle,PRS,5,5,0,394,-,-,0
Moonlight of Sand Castle,PST,1,1.5,0,418,-,-,0
MORNINGLOOM,ETR,9+,9.8,0,"1,035",-,-,0
MORNINGLOOM,FTR,8+,8.8,0,940,-,-,0
MORNINGLOOM,PRS,6,6.5,0,829,-,-,0
MORNINGLOOM,PST,3,3,0,710,-,-,0
MVURBD,FTR,10,10.6,0,"1,497",-,-,0
MVURBD,PRS,7+,7.8,0,"1,031",-,-,0
MVURBD,PST,4,4.5,0,999,-,-,0
My life is mine alone!,ETR,10,10.1,0,"1,075",-,-,0
My life is mine alone!,FTR,8+,8.8,0,933,-,-,0
My life is mine alone!,PRS,5,5.5,0,612,-,-,0
My life is mine alone!,PST,2,2.5,0,460,-,-,0
Nameless Passion,PRS,7,7,0,890,-,-,0
Nameless Passion,PST,3,3,0,681,-,-,0
NEO WINGS,PRS,7,7.5,0,840,-,-,0
NEO WINGS,PST,4,4,0,591,-,-,0
New York Back Raise,FTR,9+,9.9,0,"1,091",-,-,0
New York Back Raise,PRS,7,7,0,803,-,-,0
New York Back Raise,PST,4,4.5,0,762,-,-,0
next to you,BYD,9,9.6,0,954,-,-,0
next to you,PRS,7,7,0,583,-,-,0
next to you,PST,4,4.5,0,454,-,-,0
Nhelv,BYD,10+,10.9,0,"1,474",-,-,0
Nhelv,PRS,6,6.5,0,913,-,-,0
Nhelv,PST,3,3,0,647,-,-,0
Nightmare,ETR,10+,10.8,0,"1,116",-,-,0
Nightmare,FTR,9+,9.8,0,901,-,-,0
Nightmare,PRS,7+,7.8,0,757,-,-,0
Nightmare,PST,4,4.5,0,680,-,-,0
Nirv lucE,PRS,7,7,0,547,-,-,0
Nirv lucE,PST,2,2.5,0,297,-,-,0
No Way Back,ETR,10,10.4,0,"1,008",-,-,0
No Way Back,FTR,8+,8.9,0,837,-,-,0
No Way Back,PRS,7,7.5,0,639,-,-,0
No Way Back,PST,4,4.5,0,564,-,-,0
NULCTRL,PRS,7,7.5,0,410,-,-,0
NULCTRL,PST,3,3,0,407,-,-,0
NULL APOPHENIA,PRS,8+,8.8,0,"1,098",-,-,0
NULL APOPHENIA,PST,4,4.5,0,990,-,-,0
nέo κósmo,FTR,9+,9.7,0,979,-,-,0
nέo κósmo,PRS,7+,7.8,0,791,-,-,0
nέo κósmo,PST,4,4,0,603,-,-,0
Oblivia,PRS,5,5,0,517,-,-,0
Oblivia,PST,3,3.5,0,574,-,-,0
OBLIVION,ETR,10,10.1,0,871,-,-,0
OBLIVION,FTR,9,9.5,0,759,-,-,0
OBLIVION,PRS,7,7,0,526,-,-,0
OBLIVION,PST,4,4,0,366,-,-,0
Old School Salvage,FTR,9+,9.8,0,"1,316",-,-,0
Old School Salvage,PRS,7+,7.8,0,950,-,-,0
Old School Salvage,PST,4,4,0,705,-,-,0
OMAJINAI,FTR,9,9.4,0,886,-,-,0
OMAJINAI,PRS,7,7,0,572,-,-,0
OMAJINAI,PST,2,2.5,0,288,-,-,0
OMAKENO Stroke,BYD,10,10.3,0,931,-,-,0
OMAKENO Stroke,FTR,9,9.5,0,869,-,-,0
OMAKENO Stroke,PRS,6,6.5,0,616,-,-,0
OMAKENO Stroke,PST,3,3,0,502,-,-,0
On And On!! feat. Jenga,PRS,7,7,0,616,-,-,0
On And On!! feat. Jenga,PST,3,3,0,370,-,-,0
One Last Drive,PRS,5,5.5,0,564,-,-,0
One Last Drive,PST,2,2.5,0,604,-,-,0
One Step Closer,FTR,9,9.5,0,752,-,-,0
One Step Closer,PRS,7,7,0,551,-,-,0
One Step Closer,PST,3,3.5,0,454,-,-,0
Oracle,FTR,9,9.3,0,963,-,-,0
Oracle,PRS,5,5.5,0,508,-,-,0
Oracle,PST,3,3,0,425,-,-,0
Oshama Scramble!,FTR,10,10,0,"1,073",-,-,0
Oshama Scramble!,PRS,6,6.5,0,568,-,-,0
Oshama Scramble!,PST,3,3.5,0,508,-,-,0
ouroboros -twin stroke of the end-,FTR,10+,10.7,0,"1,369",-,-,0
ouroboros -twin stroke of the end-,PRS,7,7.5,0,832,-,-,0
ouroboros -twin stroke of the end-,PST,4,4.5,0,575,-,-,0
Ouvertüre,FTR,9+,9.8,0,913,-,-,0
Ouvertüre,PRS,7,7.5,0,786,-,-,0
Ouvertüre,PST,2,2.5,0,583,-,-,0
overdead.,BYD,10,10.5,0,"1,503",-,-,0
Overwhelm,FTR,10,10.6,0,"1,251",-,-,0
Overwhelm,PRS,8,8.5,0,"1,038",-,-,0
Overwhelm,PST,5,5,0,854,-,-,0
Paper Witch,PRS,5,5,0,487,-,-,0
Paper Witch,PST,2,2,0,348,-,-,0
Paradise,PRS,4,4,0,349,-,-,0
Paradise,PST,1,1,0,253,-,-,0
Paradox Palette,ETR,9+,9.9,0,"1,043",-,-,0
Paradox Palette,FTR,8+,8.8,0,814,-,-,0
Paradox Palette,PRS,7,7.5,0,653,-,-,0
Paradox Palette,PST,4,4,0,476,-,-,0
Paranoid Arc,ETR,10,10.5,0,"1,412",-,-,0
Paranoid Arc,FTR,9,9.6,0,"1,204",-,-,0
Paranoid Arc,PRS,7+,7.8,0,849,-,-,0
Paranoid Arc,PST,4,4.5,0,762,-,-,0
Particle,ETR,9+,9.7,0,881,-,-,0
Particle,FTR,9,9.5,0,890,-,-,0
Particle,PRS,6,6,0,613,-,-,0
Particle,PST,3,3.5,0,519,-,-,0
Particle Arts,PRS,6,6,0,637,-,-,0
Particle Arts,PST,3,3.5,0,529,-,-,0
Party Vinyl,PRS,7+,7.8,0,543,-,-,0
Party Vinyl,PST,4,4,0,337,-,-,0
Pentiment,PRS,8+,8.7,0,"1,055",-,-,0
Pentiment,PST,7,7,0,911,-,-,0
Phantasia,FTR,9,9.2,0,952,-,-,0
Phantasia,PRS,5,5.5,0,579,-,-,0
Phantasia,PST,4,4,0,544,-,-,0
PICO-Pico-Translation!,FTR,9,9.4,0,"1,049",-,-,0
PICO-Pico-Translation!,PRS,6,6,0,723,-,-,0
PICO-Pico-Translation!,PST,2,2,0,543,-,-,0
Placebo♥Battler,FTR,10,10.4,0,"1,194",-,-,0
Placebo♥Battler,PRS,8,8.3,0,827,-,-,0
Placebo♥Battler,PST,5,5.5,0,597,-,-,0
PRAGMATISM,PRS,8,8.6,0,855,-,-,0
PRAGMATISM,PST,4,4.5,0,476,-,-,0
Prayer,ETR,9,9.1,0,714,-,-,0
Prayer,FTR,8,8.2,0,591,-,-,0
Prayer,PRS,5,5.5,0,479,-,-,0
Prayer,PST,2,2.5,0,419,-,-,0
Primeval Texture,FTR,9,9,0,810,-,-,0
Primeval Texture,PRS,7,7.5,0,525,-,-,0
Primeval Texture,PST,3,3,0,387,-,-,0
PRIMITIVE LIGHTS,FTR,10+,10.8,0,"1,524",-,-,0
PRIMITIVE LIGHTS,PRS,8+,8.8,0,"1,073",-,-,0
PRIMITIVE LIGHTS,PST,5,5.5,0,785,-,-,0
Prism,FTR,8,8,0,785,-,-,0
Prism,PRS,5,5,0,544,-,-,0
Prism,PST,2,2,0,476,-,-,0
Protoflicker,FTR,9+,9.8,0,"1,042",-,-,0
Protoflicker,PRS,7,7,0,633,-,-,0
Protoflicker,PST,3,3,0,510,-,-,0
PUPA,FTR,10,10.4,0,"1,099",-,-,0
PUPA,PRS,7+,7.8,0,684,-,-,0
PUPA,PST,4,4,0,374,-,-,0
Purgatorium,PRS,6,6,0,641,-,-,0
Purgatorium,PST,2,2.5,0,609,-,-,0
Purple Verse,BYD,10,10.6,0,"1,202",-,-,0
Purple Verse,PRS,7,7.5,0,664,-,-,0
Purple Verse,PST,4,4,0,558,-,-,0
Qovat,FTR,10,10.4,0,"1,299",-,-,0
Qovat,PRS,8,8.2,0,765,-,-,0
Qovat,PST,4,4.5,0,519,-,-,0
qualia -ideaesthesia-,PRS,7,7,0,875,-,-,0
qualia -ideaesthesia-,PST,4,4.5,0,550,-,-,0
Quon (DJ Noriken),BYD,10,10.2,0,"1,044",-,-,0
Quon (DJ Noriken),FTR,8+,8.7,0,749,-,-,0
Quon (DJ Noriken),PRS,6,6,0,496,-,-,0
Quon (DJ Noriken),PST,2,2.5,0,425,-,-,0
Quon (Feryquitous),FTR,9,9.6,0,991,-,-,0
Quon (Feryquitous),PRS,6,6.5,0,718,-,-,0
Quon (Feryquitous),PST,4,4,0,547,-,-,0
Rabbit In The Black Room,PRS,5,5,0,467,-,-,0
Rabbit In The Black Room,PST,2,2,0,373,-,-,0
Rain of Conflict in a Radiant Abyss,ETR,10,10.5,0,"1,247",-,-,0
Rain of Conflict in a Radiant Abyss,FTR,9,9.5,0,"1,174",-,-,0
Rain of Conflict in a Radiant Abyss,PRS,7+,7.8,0,934,-,-,0
Rain of Conflict in a Radiant Abyss,PST,5,5,0,831,-,-,0
Raven's Pride,PRS,7,7,0,797,-,-,0
Raven's Pride,PST,3,3,0,697,-,-,0
Rays of Remnant,BYD,10,10.4,0,"1,118",-,-,0
Rays of Remnant,FTR,9+,9.7,0,982,-,-,0
Rays of Remnant,PRS,7,7.5,0,766,-,-,0
Rays of Remnant,PST,4,4.5,0,710,-,-,0
REconstruction,FTR,8,8.4,0,825,-,-,0
REconstruction,PRS,6,6,0,469,-,-,0
REconstruction,PST,2,2.5,0,347,-,-,0
Red and Blue,PRS,7+,7.8,0,597,-,-,0
Red and Blue,PST,4,4,0,464,-,-,0
Redolent Shape,FTR,10,10.2,0,"1,088",-,-,0
Redolent Shape,PRS,7,7.5,0,717,-,-,0
Redolent Shape,PST,4,4.5,0,570,-,-,0
Redraw the Colorless World,PRS,6,6.5,0,680,-,-,0
Redraw the Colorless World,PST,4,4,0,568,-,-,0
Reinvent,PRS,6,6.5,0,703,-,-,0
Reinvent,PST,2,2.5,0,570,-,-,0
REKKA RESONANCE,PRS,8+,8.9,0,"1,051",-,-,0
REKKA RESONANCE,PST,5,5,0,860,-,-,0
Relentless,PRS,6,6.5,0,722,-,-,0
Relentless,PST,4,4.5,0,607,-,-,0
Remind the Souls (Short Version),PRS,7,7,0,756,-,-,0
Remind the Souls (Short Version),PST,3,3.5,0,561,-,-,0
Renegade,BYD,10,10.2,0,"1,165",-,-,0
Renegade,FTR,9,9.6,0,994,-,-,0
Renegade,PRS,7+,7.8,0,751,-,-,0
Renegade,PST,4,4.5,0,655,-,-,0
ReviXy,PRS,7,7,0,729,-,-,0
ReviXy,PST,3,3,0,538,-,-,0
RGB,PRS,7+,7.8,0,803,-,-,0
RGB,PST,4,4,0,652,-,-,0
Ringed Genesis,PRS,8,8.4,0,860,-,-,0
Ringed Genesis,PST,5,5.5,0,672,-,-,0
Rise,PRS,4,4,0,599,-,-,0
Rise,PST,2,2.5,0,322,-,-,0
Rise of the World,PRS,8,8.1,0,843,-,-,0
Rise of the World,PST,4,4.5,0,722,-,-,0
Romance Wars,PRS,4,4,0,378,-,-,0
Romance Wars,PST,1,1,0,423,-,-,0
ROST PAGE GENE,FTR,10,10.3,0,"1,028",-,-,0
ROST PAGE GENE,PRS,8,8.2,0,697,-,-,0
ROST PAGE GENE,PST,5,5,0,475,-,-,0
Rugie,PRS,6,6,0,754,-,-,0
Rugie,PST,3,3,0,566,-,-,0
SACRIFICE feat. ayame,FTR,9+,9.7,0,958,-,-,0
SACRIFICE feat. ayame,PRS,7,7.5,0,779,-,-,0
SACRIFICE feat. ayame,PST,3,3.5,0,548,-,-,0
SAIKYO STRONGER,PST,5,5.5,0,654,-,-,0
Saint or Sinner,FTR,8+,8.8,0,906,-,-,0
Saint or Sinner,PRS,6,6,0,563,-,-,0
Saint or Sinner,PST,3,3,0,447,-,-,0
Sakura Fubuki,PRS,6,6.5,0,571,-,-,0
Sakura Fubuki,PST,3,3.5,0,526,-,-,0
san skia,PRS,6,6,0,783,-,-,0
san skia,PST,3,3.5,0,670,-,-,0
SATISFACTION,ETR,9,9.5,0,"1,047",-,-,0
SATISFACTION,FTR,8,8.5,0,890,-,-,0
SATISFACTION,PRS,6,6.5,0,738,-,-,0
SATISFACTION,PST,3,3.5,0,580,-,-,0
Sayonara Hatsukoi,ETR,8,8.5,0,728,-,-,0
Sayonara Hatsukoi,PRS,4,4.5,0,305,-,-,0
Sayonara Hatsukoi,PST,1,1.5,0,205,-,-,0
Scarlet Cage,FTR,9+,9.8,0,"1,195",-,-,0
Scarlet Cage,PRS,7,7.5,0,711,-,-,0
Scarlet Cage,PST,4,4,0,570,-,-,0
Scarlet Lance,FTR,10,10,0,"1,130",-,-,0
Scarlet Lance,PRS,7,7,0,644,-,-,0
Scarlet Lance,PST,4,4,0,517,-,-,0
Scarlet Lunar Empress,FTR,9+,9.8,0,"1,037",-,-,0
Scarlet Lunar Empress,PRS,7,7,0,698,-,-,0
Scarlet Lunar Empress,PST,3,3.5,0,609,-,-,0
Seclusion,PRS,7,7.5,0,762,-,-,0
Seclusion,PST,4,4,0,544,-,-,0
See the Lights!,ETR,9,9.6,0,844,-,-,0
See the Lights!,FTR,8,8.6,0,692,-,-,0
See the Lights!,PRS,6,6.5,0,582,-,-,0
See the Lights!,PST,3,3.5,0,445,-,-,0
Senkyou,PRS,5,5.5,0,722,-,-,0
Senkyou,PST,3,3,0,627,-,-,0
Shades of Light in a Transcendent Realm,PRS,6,6,0,789,-,-,0
Shades of Light in a Transcendent Realm,PST,3,3,0,517,-,-,0
Sheriruth,PRS,7,7.5,0,832,-,-,0
Sheriruth,PST,5,5.5,0,611,-,-,0
Sheriruth (Laur Remix),FTR,10,10.5,0,"1,134",-,-,0
Sheriruth (Laur Remix),PRS,7+,7.8,0,795,-,-,0
Sheriruth (Laur Remix),PST,4,4,0,671,-,-,0
Shinchoku Doudesuka?,ETR,9+,9.9,0,"1,162",-,-,0
Shinchoku Doudesuka?,FTR,8+,8.8,0,957,-,-,0
Shinchoku Doudesuka?,PRS,7,7.5,0,743,-,-,0
Shinchoku Doudesuka?,PST,3,3.5,0,595,-,-,0
shrink,FTR,9+,9.8,0,939,-,-,0
shrink,PRS,7,7,0,660,-,-,0
shrink,PST,3,3.5,0,451,-,-,0
"Sign of ""10.5km""",FTR,9,9.2,0,735,-,-,0
"Sign of ""10.5km""",PRS,6,6.5,0,564,-,-,0
"Sign of ""10.5km""",PST,3,3,0,490,-,-,0
Signal,ETR,10+,10.7,0,"1,245",-,-,0
Signal,FTR,9+,9.8,0,"1,151",-,-,0
Signal,PRS,7+,7.8,0,824,-,-,0
Signal,PST,4,4,0,582,-,-,0
Silent Rush,PRS,5,5,0,674,-,-,0
Silent Rush,PST,2,2.5,0,416,-,-,0
Singularity,PRS,7+,7.8,0,678,-,-,0
Singularity,PST,4,4.5,0,534,-,-,0
Singularity VVVIP,BYD,10,10.4,0,"1,114",-,-,0
Small Cloud Sugar Candy,FTR,9,9.3,0,919,-,-,0
Small Cloud Sugar Candy,PRS,6,6.5,0,727,-,-,0
Small Cloud Sugar Candy,PST,3,3,0,548,-,-,0
Snow White,BYD,9+,9.7,0,"1,031",-,-,0
Snow White,PRS,5,5,0,672,-,-,0
Snow White,PST,2,2.5,0,486,-,-,0
Solitary Dream,PRS,7,7,0,854,-,-,0
Solitary Dream,PST,4,4,0,712,-,-,0
Someday,FTR,9,9.5,0,673,-,-,0
Someday,PRS,6,6.5,0,477,-,-,0
Someday,PST,3,3,0,367,-,-,0
SOUNDWiTCH,PRS,6,6.5,0,488,-,-,0
SOUNDWiTCH,PST,3,3.5,0,315,-,-,0
Specta,FTR,9,9.4,0,"1,096",-,-,0
Specta,PRS,6,6.5,0,706,-,-,0
Specta,PST,3,3.5,0,390,-,-,0
Spider's Thread,FTR,10+,10.8,0,"1,203",-,-,0
Spider's Thread,PRS,7+,7.8,0,764,-,-,0
Spider's Thread,PST,4,4.5,0,794,-,-,0
Spirit of the Dauntless,FTR,10,10.5,0,"1,207",-,-,0
Spirit of the Dauntless,PRS,7+,7.8,0,957,-,-,0
Spirit of the Dauntless,PST,4,4.5,0,693,-,-,0
STAGER (ALL STAGE CLEAR),FTR,9,9.5,0,"1,004",-,-,0
STAGER (ALL STAGE CLEAR),PRS,6,6.5,0,559,-,-,0
STAGER (ALL STAGE CLEAR),PST,3,3,0,453,-,-,0
STARGATE EXTREME,ETR,9+,9.9,0,915,-,-,0
STARGATE EXTREME,FTR,9,9.3,0,724,-,-,0
STARGATE EXTREME,PRS,6,6,0,430,-,-,0
STARGATE EXTREME,PST,4,4,0,337,-,-,0
Stasis,FTR,10+,10.8,0,"1,521",-,-,0
Stasis,PRS,7,7,0,935,-,-,0
Stasis,PST,4,4.5,0,848,-,-,0
Straight into the lights,ETR,10,10.5,0,"1,280",-,-,0
Straight into the lights,FTR,9,9.5,0,"1,226",-,-,0
Straight into the lights,PRS,7,7.5,0,714,-,-,0
Straight into the lights,PST,4,4,0,583,-,-,0
Stratoliner,FTR,9,9.6,0,877,-,-,0
Stratoliner,PRS,6,6.5,0,702,-,-,0
Stratoliner,PST,3,3.5,0,535,-,-,0
Strongholds,PRS,5,5,0,778,-,-,0
Strongholds,PST,2,2.5,0,570,-,-,0
Subsphere in Eclosion,ETR,10,10.6,0,"1,327",-,-,0
Subsphere in Eclosion,FTR,9,9.6,0,"1,177",-,-,0
Subsphere in Eclosion,PRS,8,8.1,0,997,-,-,0
Subsphere in Eclosion,PST,5,5,0,781,-,-,0
Sulfur,PRS,6,6,0,608,-,-,0
Sulfur,PST,4,4,0,458,-,-,0
Summer Fireworks of Love,FTR,9+,9.9,0,"1,088",-,-,0
Summer Fireworks of Love,PRS,6,6.5,0,641,-,-,0
Summer Fireworks of Love,PST,3,3,0,478,-,-,0
Suomi,ETR,8+,8.9,0,732,-,-,0
Suomi,PRS,5,5,0,550,-,-,0
Suomi,PST,2,2,0,368,-,-,0
SUPER AMBULANCE,FTR,10,10.3,0,"1,371",-,-,0
SUPER AMBULANCE,PRS,7,7.5,0,971,-,-,0
SUPER AMBULANCE,PST,4,4.5,0,740,-,-,0
SUPERNOVA,PRS,6,6,0,564,-,-,0
SUPERNOVA,PST,3,3,0,664,-,-,0
Surrender,FTR,8+,8.8,0,925,-,-,0
Surrender,PRS,6,6.5,0,721,-,-,0
Surrender,PST,3,3,0,550,-,-,0
Swan Song,FTR,9+,9.9,0,"1,225",-,-,0
Swan Song,PRS,7,7.5,0,719,-,-,0
Swan Song,PST,3,3,0,563,-,-,0
Syriana,FTR,9+,9.9,0,886,-,-,0
Syriana,PRS,7,7.5,0,516,-,-,0
Syriana,PST,4,4.5,0,490,-,-,0
Syro,PRS,6,6.5,0,829,-,-,0
Syro,PST,3,3.5,0,535,-,-,0
syūten,FTR,8,8.5,0,592,-,-,0
syūten,PRS,5,5,0,446,-,-,0
syūten,PST,2,2,0,395,-,-,0
taboo tears you up 2017,ETR,9+,9.8,0,"1,125",-,-,0
taboo tears you up 2017,FTR,8,8.4,0,845,-,-,0
taboo tears you up 2017,PRS,6,6.5,0,637,-,-,0
taboo tears you up 2017,PST,3,3,0,449,-,-,0
Technicolour,PRS,7,7,0,812,-,-,0
Technicolour,PST,3,3.5,0,664,-,-,0
Tempestissimo,PST,7,7,0,919,-,-,0
TEmPTaTiON,FTR,10+,10.9,0,"1,099",-,-,0
TEmPTaTiON,PRS,8,8.2,0,768,-,-,0
TEmPTaTiON,PST,5,5,0,627,-,-,0
TeraVolt,PRS,8+,8.9,0,804,-,-,0
TeraVolt,PST,5,5,0,675,-,-,0
Teriqma,BYD,9+,9.7,0,954,-,-,0
Teriqma,FTR,9,9.4,0,873,-,-,0
Teriqma,PRS,6,6.5,0,579,-,-,0
Teriqma,PST,3,3,0,345,-,-,0
Testify,PRS,9,9.4,0,"1,225",-,-,0
Testify,PST,7+,7.8,0,"1,001",-,-,0
The 'Raft' taught me: your heart will always find a way.,ETR,10,10.4,0,"1,193",-,-,0
The 'Raft' taught me: your heart will always find a way.,FTR,9,9.5,0,999,-,-,0
The 'Raft' taught me: your heart will always find a way.,PRS,7,7.5,0,803,-,-,0
The 'Raft' taught me: your heart will always find a way.,PST,4,4.5,0,722,-,-,0
The Formula,PRS,6,6,0,587,-,-,0
The Formula,PST,3,3,0,427,-,-,0
The Message,PRS,6,6.5,0,630,-,-,0
The Message,PST,3,3,0,536,-,-,0
The Survivor (Game Edit),FTR,9+,9.9,0,"1,100",-,-,0
The Survivor (Game Edit),PRS,6,6.5,0,750,-,-,0
The Survivor (Game Edit),PST,3,3.5,0,817,-,-,0
THE ULTIMACY,PRS,7,7,0,919,-,-,0
THE ULTIMACY,PST,3,3,0,749,-,-,0
Third Sun,ETR,10,10,0,"1,043",-,-,0
Third Sun,FTR,9,9.4,0,811,-,-,0
Third Sun,PRS,7,7,0,702,-,-,0
Third Sun,PST,3,3.5,0,532,-,-,0
Tic! Tac! Toe!,ETR,9+,9.9,0,907,-,-,0
Tic! Tac! Toe!,FTR,8+,8.8,0,760,-,-,0
Tic! Tac! Toe!,PRS,7,7.5,0,505,-,-,0
Tic! Tac! Toe!,PST,3,3.5,0,353,-,-,0
Tie me down gently,FTR,8,8.3,0,724,-,-,0
Tie me down gently,PRS,5,5,0,535,-,-,0
Tie me down gently,PST,3,3,0,581,-,-,0
Tiferet,FTR,10,10.3,0,"1,086",-,-,0
Tiferet,PRS,7+,7.8,0,720,-,-,0
Tiferet,PST,4,4.5,0,450,-,-,0
To the Furthest Dream,FTR,9+,9.8,0,"1,102",-,-,0
To the Furthest Dream,PRS,8,8.5,0,994,-,-,0
To the Furthest Dream,PST,4,4.5,0,836,-,-,0
To the Milky Way,PRS,8+,8.9,0,"1,154",-,-,0
To the Milky Way,PST,5,5,0,928,-,-,0
To: Alice Liddell,FTR,10,10.3,0,998,-,-,0
To: Alice Liddell,PRS,7,7.5,0,774,-,-,0
To: Alice Liddell,PST,4,4,0,535,-,-,0
Transient Space,PRS,7,7,0,607,-,-,0
Transient Space,PST,2,2.5,0,419,-,-,0
Trap Crow,PRS,7+,7.8,0,898,-,-,0
Trap Crow,PST,4,4.5,0,876,-,-,0
trappola bewitching,PRS,6,6,0,541,-,-,0
trappola bewitching,PST,3,3,0,415,-,-,0
TRPNO,FTR,10,10,0,897,-,-,0
TRPNO,PRS,7+,7.8,0,562,-,-,0
TRPNO,PST,4,4.5,0,451,-,-,0
Trrricksters!!,FTR,10,10.1,0,"1,183",-,-,0
Trrricksters!!,PRS,7,7.5,0,784,-,-,0
Trrricksters!!,PST,4,4.5,0,561,-,-,0
"Tsuki ni Murakumo, Hana ni Kaze",PRS,6,6,0,610,-,-,0
"Tsuki ni Murakumo, Hana ni Kaze",PST,3,3,0,468,-,-,0
Turbocharger,PRS,6,6,0,659,-,-,0
Turbocharger,PST,2,2.5,0,419,-,-,0
Twilight Concerto,ETR,10,10.5,0,962,-,-,0
Twilight Concerto,FTR,9,9.5,0,803,-,-,0
Twilight Concerto,PRS,7+,7.8,0,634,-,-,0
Twilight Concerto,PST,4,4.5,0,584,-,-,0
U.A.D,ETR,9+,9.8,0,836,-,-,0
U.A.D,FTR,8+,8.7,0,643,-,-,0
U.A.D,PRS,6,6.5,0,526,-,-,0
U.A.D,PST,3,3.5,0,366,-,-,0
Ultimate taste,PRS,6,6.5,0,"1,008",-,-,0
Ultimate taste,PST,3,3.5,0,828,-,-,0
ultradiaxon-N3,PRS,8,8.5,0,896,-,-,0
ultradiaxon-N3,PST,4,4.5,0,605,-,-,0
undefined,FTR,9,9.4,0,896,-,-,0
undefined,PRS,6,6,0,532,-,-,0
undefined,PST,3,3.5,0,371,-,-,0
Undying Macula,ETR,11,11,0,"1,461",-,-,0
Undying Macula,FTR,10,10.1,0,"1,250",-,-,0
Undying Macula,PRS,8+,8.7,0,904,-,-,0
Undying Macula,PST,5,5.5,0,883,-,-,0
UNKNOWN LEVELS,PRS,8,8.1,0,771,-,-,0
UNKNOWN LEVELS,PST,4,4,0,591,-,-,0
Used to be,FTR,9,9.2,0,799,-,-,0
Used to be,PRS,6,6.5,0,675,-,-,0
Used to be,PST,4,4,0,537,-,-,0
Vainspire,ETR,9+,9.9,0,"1,133",-,-,0
Vainspire,FTR,8,8.4,0,947,-,-,0
Vainspire,PRS,7,7,0,787,-,-,0
Vainspire,PST,3,3.5,0,771,-,-,0
Valhalla:0,FTR,10,10.2,0,"1,173",-,-,0
Valhalla:0,PRS,7,7.5,0,893,-,-,0
Valhalla:0,PST,4,4.5,0,624,-,-,0
Vandalism,PRS,7,7,0,685,-,-,0
Vandalism,PST,3,3.5,0,668,-,-,0
VECTOЯ,PRS,7,7,0,"1,002",-,-,0
VECTOЯ,PST,3,3,0,675,-,-,0
Vexaria,PRS,5,5,0,534,-,-,0
Vexaria,PST,2,2.5,0,369,-,-,0
Vicious [ANTi] Heroism,BYD,11,11.2,0,"1,772",-,-,0
Vicious Heroism,PRS,7,7.5,0,756,-,-,0
Vicious Heroism,PST,4,4,0,430,-,-,0
Vindication,PRS,6,6.5,0,899,-,-,0
Vindication,PST,4,4,0,721,-,-,0
Viola Illyria,FTR,9,9.5,0,927,-,-,0
Viola Illyria,PRS,6,6.5,0,683,-,-,0
Viola Illyria,PST,2,2.5,0,539,-,-,0
ViRTUS,ETR,10+,10.9,0,"1,341",-,-,0
ViRTUS,FTR,9+,9.9,0,"1,222",-,-,0
ViRTUS,PRS,8,8.6,0,"1,000",-,-,0
ViRTUS,PST,5,5.5,0,877,-,-,0
Vivid Theory,PRS,5,5,0,658,-,-,0
Vivid Theory,PST,2,2,0,447,-,-,0
Viyella's Tears,FTR,10,10.3,0,"1,403",-,-,0
Viyella's Tears,PRS,7+,7.8,0,942,-,-,0
Viyella's Tears,PST,4,4,0,716,-,-,0
Vulcānus,FTR,10+,10.9,0,"1,542",-,-,0
Vulcānus,PRS,8,8.5,0,"1,234",-,-,0
Vulcānus,PST,5,5.5,0,968,-,-,0
WAIT FOR DAWN,PRS,7+,7.8,0,636,-,-,0
WAIT FOR DAWN,PST,2,2.5,0,596,-,-,0
Wake in Hour,ETR,8+,8.7,0,726,-,-,0
Wake in Hour,FTR,7,7.5,0,608,-,-,0
Wake in Hour,PRS,5,5.5,0,492,-,-,0
Wake in Hour,PST,2,2.5,0,394,-,-,0
Waltz for Lorelei,ETR,9+,9.8,0,999,-,-,0
Waltz for Lorelei,FTR,8+,8.8,0,916,-,-,0
Waltz for Lorelei,PRS,5,5.5,0,814,-,-,0
Waltz for Lorelei,PST,2,2.5,0,664,-,-,0
We're All Gonna Die,ETR,10+,10.9,0,"1,335",-,-,0
We're All Gonna Die,FTR,10,10.1,0,"1,147",-,-,0
We're All Gonna Die,PRS,8,8,0,864,-,-,0
We're All Gonna Die,PST,5,5.5,0,733,-,-,0
"Welcome, Queen of Fiction.",ETR,10+,10.9,0,"1,442",-,-,0
"Welcome, Queen of Fiction.",FTR,10,10.1,0,"1,172",-,-,0
"Welcome, Queen of Fiction.",PRS,8,8.5,0,832,-,-,0
"Welcome, Queen of Fiction.",PST,5,5,0,610,-,-,0
Wish Upon a Snow,FTR,10,10.5,0,"1,309",-,-,0
Wish Upon a Snow,PRS,7,7.5,0,"1,095",-,-,0
Wish Upon a Snow,PST,4,4.5,0,"1,031",-,-,0
with U,FTR,9,9.4,0,932,-,-,0
with U,PRS,6,6.5,0,649,-,-,0
with U,PST,2,2.5,0,448,-,-,0
Won't Back Down,FTR,9+,9.8,0,"1,015",-,-,0
Won't Back Down,PRS,6,6.5,0,551,-,-,0
Won't Back Down,PST,3,3.5,0,437,-,-,0
World Ender,PRS,7+,7.8,0,850,-,-,0
World Ender,PST,4,4,0,616,-,-,0
World Fragments III (radio edit),PRS,7,7,0,999,-,-,0
World Fragments III (radio edit),PST,3,3.5,0,777,-,-,0
World Vanquisher,FTR,10+,10.7,0,"1,452",-,-,0
World Vanquisher,PRS,5,5.5,0,759,-,-,0
World Vanquisher,PST,2,2.5,0,529,-,-,0
world.execute(me);,PRS,5,5,0,582,-,-,0
world.execute(me);,PST,3,3.5,0,452,-,-,0
Xanatos,PRS,7,7.5,0,938,-,-,0
Xanatos,PST,4,4,0,735,-,-,0
Xeraphinite,FTR,9+,9.8,0,"1,048",-,-,0
Xeraphinite,PRS,7,7.5,0,643,-,-,0
Xeraphinite,PST,3,3,0,383,-,-,0
Xterfusion,ETR,10+,10.7,0,"1,441",-,-,0
Xterfusion,FTR,9+,9.8,0,"1,138",-,-,0
Xterfusion,PRS,8,8.3,0,919,-,-,0
Xterfusion,PST,4,4.5,0,640,-,-,0
XTREME,FTR,10,10.5,0,"1,258",-,-,0
XTREME,PRS,7+,7.8,0,831,-,-,0
XTREME,PST,4,4.5,0,752,-,-,0
Xxium and Purple haze,ETR,10,10.5,0,"1,096",-,-,0
Xxium and Purple haze,FTR,9+,9.9,0,"1,182",-,-,0
Xxium and Purple haze,PRS,7+,7.8,0,806,-,-,0
Xxium and Purple haze,PST,2,2.5,0,768,-,-,0
yomibito_shirazu,FTR,9+,9.8,0,"1,075",-,-,0
yomibito_shirazu,PRS,8,8,0,764,-,-,0
yomibito_shirazu,PST,4,4.5,0,641,-,-,0
Yosakura Fubuki,FTR,9,9.4,0,931,-,-,0
Yosakura Fubuki,PRS,7,7,0,582,-,-,0
Yosakura Fubuki,PST,4,4.5,0,416,-,-,0
Your Best Nightmare,BYD,10,10.2,0,"1,451",-,-,0
Your Best Nightmare,FTR,8+,8.9,0,"1,086",-,-,0
Your Best Nightmare,PRS,6,6.5,0,925,-,-,0
Your Best Nightmare,PST,3,3.5,0,760,-,-,0
Your voice so... feat. Such,FTR,9,9.4,0,"1,013",-,-,0
Your voice so... feat. Such,PRS,6,6.5,0,677,-,-,0
Your voice so... feat. Such,PST,3,3.5,0,469,-,-,0
zephyrlasting,ETR,10,10.3,0,"1,166",-,-,0
zephyrlasting,FTR,9,9.5,0,"1,027",-,-,0
zephyrlasting,PRS,7,7.5,0,832,-,-,0
zephyrlasting,PST,3,3.5,0,563,-,-,0
αterlβus,FTR,10,10.2,0,"1,030",-,-,0
αterlβus,PRS,7,7.5,0,668,-,-,0
αterlβus,PST,4,4,0,505,-,-,0
γuarδina,FTR,10,10.4,0,"1,120",-,-,0
γuarδina,PRS,8,8,0,678,-,-,0
γuarδina,PST,4,4,0,507,-,-,0
ΛZΛLEΛ,ETR,10,10,0,"1,075",-,-,0
ΛZΛLEΛ,FTR,9,9.4,0,"1,144",-,-,0
ΛZΛLEΛ,PRS,7,7,0,973,-,-,0
ΛZΛLEΛ,PST,4,4,0,847,-,-,0
µ,FTR,9+,9.7,0,"1,256",-,-,0
µ,PRS,7,7.5,0,986,-,-,0
µ,PST,3,3.5,0,825,-,-,0
ΟΔΥΣΣΕΙΑ,FTR,9,9.5,0,"1,092",-,-,0
ΟΔΥΣΣΕΙΑ,PRS,7+,7.8,0,909,-,-,0
ΟΔΥΣΣΕΙΑ,PST,4,4,0,717,-,-,0
τ (tau),FTR,9+,9.7,0,"1,057",-,-,0
τ (tau),PRS,7+,7.8,0,798,-,-,0
τ (tau),PST,4,4.5,0,553,-,-,0
ω4,FTR,10+,10.8,0,"1,393",-,-,0
ω4,PRS,7+,7.8,0,943,-,-,0
ω4,PST,3,3.5,0,816,-,-,0